D011zn021,Topicblab,Marchelle Engall,899 High Crossing Road,Greensboro,North Carolina,88216,336-120-5512,719-897-7354,00ef648f-a442-4755-9b86-d12677e2ab66,Jr-5041,East,250000,S
l948FC680,Gabcube,Cam Pickover,0 Division Center,Stockton,California,94792,209-164-1444,402-993-2031,ce951bf0-e5c6-4eab-bfab-95b2c341c5b6,fq-1735,North,25000,C
l012ZH654,Flipstorm,El Seebert,272 Jay Drive,Brea,California,91533,818-701-2078,203-967-0341,a3f46460-1b77-4ce3-9158-63fe8c567ede,HM-5529,Intl,25000,C
v314Ki678,Tagfeed,Patsy Burgoyne,82 Erie Plaza,Birmingham,Alabama,92427,205-786-7961,414-489-6162,bd22d8da-2513-45b9-9100-1162fa243a77,vM-7108,Intl,250000,G
v423UB692,Mymm,Gwynne Garnar,877 Claremont Alley,Los Angeles,California,91383,213-206-1138,212-723-8340,bdc92e6d-eb67-41a2-9f88-580356b51006,Ul-0364,North,1000000,C
e802uk128,Tagpad,Leontine Greg,2 Spohn Trail,Orlando,Florida,94947,407-292-1149,508-913-9157,05053bd7-d75d-447a-8925-5834707f20e2,ZB-4090,Intl,100000,G
D655BJ275,Oyoyo,Leisha Phillip,0967 Mitchell Center,Palmdale,California,96705,661-266-5075,817-188-6943,1aeb08e7-c95b-43ac-b496-72a12ee6ebea,Xq-8626,Intl,1000000,P
b382sG676,Devbug,Murray Vivash,5700 Johnson Place,Omaha,Nebraska,55744,402-666-8334,201-417-1144,9aea9283-7f03-4a20-afa4-4a57d3581e90,TK-0764,Intl,1000000,G
P647UA877,Realcube,Barty Siemons,7 Fordem Way,Portland,Oregon,69472,503-940-0924,208-459-7811,d140d8e5-b5c1-4f2d-829d-6e2a051409e5,pu-7028,Intl,250000,P
i637eE010,Centizu,Gonzalo Blazey,3807 Prairieview Trail,Birmingham,Alabama,99906,205-998-8503,605-617-0031,936985bb-2d99-422a-94e4-1961120bbc29,IT-1277,Intl,25000,S
j920IP225,Realmix,Ciel Kighly,435 Redwing Pass,San Jose,California,61234,408-397-9659,908-257-3475,370fbe88-a78e-49e9-8f13-1ab92085dbcf,oK-3636,South,1000000,P
I707Go985,Jaxworks,Alvy Perrelle,798 Homewood Alley,Garland,Texas,83880,214-864-9850,415-126-9749,5aa2c6c0-1725-459c-bd40-a411a5e515d8,xH-6240,Intl,1000000,G
Y542fr056,Blogpad,Valeria Spinks,36 Shoshone Way,Louisville,Kentucky,97052,502-589-5903,912-372-0258,6298fcdc-8b3c-4866-9a0d-143ff6d9080e,hY-8796,Intl,250000,G
r388AG884,Jayo,Lorilee Scholtz,1 Hollow Ridge Crossing,El Paso,Texas,95872,915-292-9942,806-341-0672,27326f05-1182-434a-a48f-38ee93dafe5f,tm-2260,South,250000,G
J663BD972,Npath,Daryl Chansonnau,5052 Donald Circle,Atlanta,Georgia,88299,404-485-3683,407-142-6756,764f5998-9d32-4695-8848-ea63c26af484,Sy-5680,North,1000000,P
l062Dl299,Zoomcast,Barrie Castilljo,3737 Northland Trail,Inglewood,California,94005,310-345-2046,210-484-9747,87d95b15-cc08-432b-9a1b-3f3bf9a0c765,Hi-2868,West,100000,S
W830gG008,Browsezoom,Wilton Schiell,1249 Cascade Circle,Young America,Minnesota,91586,952-175-3216,251-837-6683,6aab8b18-a515-4848-852b-d600489e5bf6,uQ-4399,South,250000,P
o680DZ158,Agimba,Tam Eyers,0255 Graedel Center,Tucson,Arizona,90899,520-536-0216,860-193-3183,349d003a-6e07-4387-ac40-782cc4fc7192,Wd-0808,North,1000000,G
p871xT726,Kanoodle,Evangeline Leve,6479 Lillian Park,Topeka,Kansas,85988,785-146-8921,240-751-6012,876331c3-9229-434a-93fa-362e9acb0bee,bC-5465,Intl,100000,P
L416uE953,Skilith,Maryjane Noraway,615 Fairfield Way,Orlando,Florida,98462,321-110-7076,205-508-4307,a08d99c7-a150-491b-9c30-6486d4aa51b8,Tu-4993,East,50000,G
L148Fe835,Nlounge,Linoel Aery,163 Shasta Circle,Jackson,Mississippi,50648,601-497-8034,210-696-0059,3491fcae-5d27-4038-bd5f-34d8dd56b960,HK-0974,West,25000,C
J141dG804,Demimbu,Ekaterina Toolan,8507 Golf Street,San Diego,California,82614,619-566-1513,626-446-3542,c47666bd-1556-4faa-a77e-0e333619e728,lU-9977,Intl,1000000,P
S432Ej431,Ailane,Breena Kubica,45 Pepper Wood Park,Richmond,Virginia,94746,804-486-0819,504-534-5347,fbb2af03-6f8f-4c46-b572-9f19cbd6458d,Wn-9996,Intl,100000,P
O375nE570,Topdrive,Roz Grouer,7 Northview Court,Stockton,California,89249,209-341-1130,713-110-3284,d2bc692c-8e43-484f-9ef4-8ae1e23abc75,Ez-1993,Intl,100000,S
I928Vd324,Feedspan,Jyoti Gennrich,38748 Erie Crossing,New Orleans,Louisiana,91443,504-312-4186,714-205-8369,f9542ae8-d10b-49c6-9ff6-f215042cf361,RU-8294,Intl,100000,P
B622ri528,Dabshots,Seka Norfolk,3 Vahlen Trail,Saint Petersburg,Florida,93048,727-402-6639,941-448-1538,6a862b08-6178-4cbe-8bd0-f3563387ed78,AM-9145,North,25000,P
u511Wv658,Wikivu,Alida Gravey,11 Beilfuss Park,Burbank,California,92557,661-235-8676,702-281-0919,9e8ba0e7-53d4-442b-bc60-a795e8424417,su-4967,Intl,100000,P
m550xX962,Zooveo,Leela Cockrell,42 Spenser Center,Fresno,California,97182,559-404-4708,330-883-1364,93c41339-0f2f-480f-a81c-05a3fe9cb327,hn-8371,North,1000000,G
A610ef141,Jamia,Barry O'Driscole,86 Buhler Pass,Birmingham,Alabama,98387,205-356-8000,808-892-2300,83306517-004a-413d-8973-75a801457b45,HU-8623,North,100000,C
v623Wn819,Yambee,Aylmer Chazelle,73 Golf View Road,Washington,District of Columbia,89154,202-437-1065,208-268-8164,0ad593b4-b3c3-495c-bca1-e9276e1cacfd,rh-1806,Intl,1000000,C
V934Sa039,Muxo,Walliw Killen,705 Caliangt Trail,Charleston,West Virginia,86226,304-427-2813,352-943-1910,9026e1bf-134b-4d81-96da-fd8e598f5d36,Yl-2774,West,250000,P
y606vV365,Dynabox,Pris Wyllis,4 Ilene Lane,Van Nuys,California,99679,213-994-6121,901-248-2876,27bbb6d1-6049-4802-b51e-209915f3bdef,PT-1342,North,1000000,P
d556oa416,Tagtune,Katheryn Candy,7734 Bunker Hill Circle,Brooklyn,New York,44664,718-536-6742,202-957-4746,b404ef4c-ff6e-45c2-aa3d-c3f0a62852cc,mB-7974,South,250000,C
E235yY210,Browsezoom,Madelle Isoldi,643 6th Center,Stockton,California,91881,209-966-4656,404-886-6686,89bbd935-ec33-410d-ab08-6e8c2d828dd2,qJ-3951,North,100000,P
y160LS775,Yakidoo,Baudoin Heminsley,06043 Warbler Point,Salt Lake City,Utah,98133,801-251-6194,512-695-3335,a27df43c-f4ec-4cf5-a76d-6e70fb8c781a,eV-7893,North,100000,P
D437VI753,InnoZ,Craggy Dignon,14 Cordelia Plaza,Tulsa,Oklahoma,51494,918-354-0234,207-445-4296,22b6d7e6-038b-442a-a4bd-a5b5bc899aae,Wd-1439,Intl,100000,C
O957dc478,Mybuzz,Regina Bonnet,10970 Westend Avenue,Kansas City,Missouri,88112,816-271-0688,912-939-1521,5334553b-f3ec-483f-a3ec-a15a2de04175,XW-8530,Intl,250000,P
B894Mp196,Shuffletag,Murry Lambotin,296 Sherman Road,Seattle,Washington,88320,360-501-4399,315-201-1847,41adeae8-9d38-49c5-b44c-aa3313a45fd9,Ew-2075,Intl,250000,P
S622vC160,Gabvine,Willis Eynaud,1114 Summerview Pass,Juneau,Alaska,80163,907-832-9609,305-184-7712,015a695d-dfe9-41e4-b009-aed8370b9f05,bF-5700,Intl,50000,P
B092TC375,Twitterwire,Franklin Blaycock,9154 Morningstar Crossing,Irvine,California,78316,714-413-3838,260-612-8679,3833dd88-f56d-4397-b830-e4a0c63444fc,Xm-7412,North,250000,C
a399or346,Pixope,Ker MacAne,47 Grayhawk Center,Houston,Texas,95029,713-273-9051,407-473-1352,561a61e2-f5c9-4738-811b-df5f30cc26c1,GW-4312,North,100000,P
S586kS139,Cogidoo,Irita Laytham,79644 Monica Trail,Canton,Ohio,93129,234-945-5196,317-497-5811,4caa01dd-4795-47f2-9e02-fbb8bd0a5bdc,pE-4790,Intl,1000000,P
z339Ux996,Omba,Whitney Pellingar,1 Bellgrove Way,Reno,Nevada,86854,775-785-6101,517-552-5233,6fa84b0a-6d74-4a73-90b0-1f4808c08294,bd-6477,Intl,250000,G
W722RJ932,Yamia,Goldy Reoch,492 Rieder Court,Battle Creek,Michigan,91346,269-316-3566,303-237-2696,d0bc7535-faf1-419d-b4c4-36d34670e6e4,kd-2834,North,1000000,P
R946fY230,Twitterbridge,Selby Gerry,4956 Kingsford Drive,Jackson,Mississippi,94862,601-905-5108,815-726-5752,70a41a74-d736-4f8d-85e3-dd98833f0bc9,JI-6025,Intl,1000000,P
c528JK440,Realfire,Benito Rehm,5790 Gerald Park,Trenton,New Jersey,90230,609-381-8834,727-299-7726,eeb13602-786d-42cc-b0dc-34e6455ad0f5,yM-5645,Intl,1000000,P
r370yg897,Trudeo,Fairlie Derrett,50 Maryland Court,Fresno,California,96269,559-690-0545,213-789-2833,a97690de-1e9c-4612-8eae-a9c999b2fbb3,Dh-3721,Intl,1000000,G
H111DY463,Tagpad,Kliment Forre,7 Hauk Alley,New Orleans,Louisiana,93226,504-653-1002,610-105-1861,b5c5af0c-c094-40fa-a7bc-f17609e75f4e,Xy-0819,South,250000,C
l072yi789,Skiba,Eugen Wanderschek,958 Dawn Junction,Lynchburg,Virginia,82835,434-648-4089,267-562-8803,3963189b-a583-461f-b5b9-5421a610d24c,Lr-4775,Intl,250000,P
y722gD022,Flipstorm,Glynda Harford,3 Jana Avenue,Milwaukee,Wisconsin,99637,414-439-3772,907-938-0585,af6749c1-7af3-42f8-941e-89e5e1dd56d3,Dj-4429,Intl,250000,P
r825DM508,Snaptags,Merell Braybrook,6 Beilfuss Crossing,Aurora,Colorado,92634,303-379-7179,508-699-9757,698a6425-7caf-4221-b9ef-1d819ca8f869,JN-0025,Intl,50000,P
z502gC318,Realcube,Danica Keat,4736 Claremont Trail,San Francisco,California,89709,415-672-3005,570-681-7464,da3c1a0e-012e-420a-b7af-76c426d9830e,yj-5384,North,50000,G
l872Fr355,Photobean,Jaquenetta Behan,1457 Raven Street,Duluth,Minnesota,95590,218-755-3389,360-337-2234,f44df65c-0daf-44cc-87d9-897d3dfb288c,CE-5567,South,1000000,C
p212JP843,Meejo,Odette Downes,8 Bellgrove Place,Washington,District of Columbia,64935,202-281-0010,443-138-4047,b145e914-117f-48d8-9550-a2f0a6d7f62e,qy-9542,North,25000,P
w679Ug156,Eare,Brita Rowsell,38 Columbus Center,Portsmouth,New Hampshire,62372,603-852-7387,865-829-9815,a5a557e6-4552-4167-9e94-7e744395fbb5,mW-2567,South,250000,P
O374IA438,Twiyo,Edeline Sansome,708 Riverside Park,Washington,District of Columbia,89029,202-801-2876,253-455-0096,3ddcc60d-ee91-4480-9306-e54de3384b49,nm-9612,North,1000000,G
p447VW591,Mudo,Dyanne Anstead,32135 Gulseth Plaza,Jacksonville,Florida,93030,904-790-6831,814-281-8578,a3c3766a-113e-4ad2-b4ef-28b5ffc9a295,SM-0059,North,1000000,P
H608Rm688,Wordify,Lorettalorna Quilty,261 Marquette Point,Dayton,Ohio,91839,937-943-7546,432-977-9249,5f0ac5c7-adf8-4329-8274-2a888ae1fa98,QK-2190,South,1000000,P
k736wj407,Yakidoo,Juliann Rich,0 Parkside Way,Jacksonville,Florida,61221,904-122-8329,251-885-9512,1ab45bc9-d4fc-46f7-8fe1-36ed9e170558,ey-5028,North,1000000,C
k359Sw660,Jayo,Fionnula Brik,33 Hallows Place,Rochester,New York,88915,585-329-1721,816-860-8613,23b26287-7d8d-4f9a-a057-54cbccc2a5e7,Eo-0232,Intl,1000000,B
Y938jf418,Twiyo,Lombard Tissier,73 Westridge Junction,Jamaica,New York,78564,212-169-8332,304-884-4953,f4fcb8e5-e505-42e1-9028-9a5c129f6504,oO-5136,North,1000000,P
M177DC806,Blogspan,Sissy Keepe,2 Meadow Ridge Pass,Oklahoma City,Oklahoma,90039,405-764-6857,949-389-7612,5776a320-7112-490c-98c4-1dc65c0f5df5,TL-0712,North,1000000,G
m351PG604,Babbleset,Reider Lanning,659 High Crossing Center,Tacoma,Washington,91664,253-713-3409,734-308-5818,0e2416b2-fad5-49db-b93b-f5c0604bee72,yW-2175,South,1000000,P
D974UN053,Eare,Jody O'Donoghue,0 Pleasure Avenue,Philadelphia,Pennsylvania,96132,215-846-8955,504-401-1586,f1b7fa29-826d-4cff-aa36-dab633ffba57,px-3642,Intl,250000,B
v897mS850,Zazio,Galvan Shailer,83569 South Avenue,Akron,Ohio,70626,330-227-7288,312-844-2108,d599f701-6a6c-41b8-a7cb-2fbb581d236d,rR-1037,Intl,1000000,P
f253dv367,Thoughtstorm,Yurik Westhofer,6 American Ash Circle,Washington,District of Columbia,59396,202-942-3992,347-817-1503,6311581f-7811-42e7-89a4-39890c822ebf,kV-3665,Intl,100000,G
t615OZ567,Jabbertype,Sutherland Drake,52610 Meadow Vale Pass,Des Moines,Iowa,97977,515-678-8987,253-568-9257,de608a49-c49c-425f-87e0-a23cbd0b997a,xn-0403,North,100000,P
R596Vm995,Jazzy,Sherwood Filipczynski,6 Carpenter Road,Springfield,Missouri,79058,417-930-5042,219-516-1053,63977777-808a-485b-b125-6fe1bbc9fd3d,sx-3209,Intl,1000000,S
H532Gl437,Eare,Normy Speek,04 Vermont Circle,West Palm Beach,Florida,89598,561-284-1548,413-365-5346,433d35ab-f12d-4cd7-b17d-99e4644afce7,Bt-6797,East,1000000,C
o760zJ779,Innotype,Kristofer Brodeau,74213 Del Sol Terrace,Sparks,Nevada,97907,775-595-1270,513-721-7631,0f66625b-9913-4006-b7a5-8d60bbe0fff5,QD-8323,North,1000000,P
o864Vi601,Vinder,Toby Phizacklea,489 Dunning Place,Richmond,Virginia,84429,804-106-0120,202-757-0566,a8df179b-68eb-4ff1-b930-0fedbf1cffd5,qB-8505,West,25000,B
s462HM789,Linkbuzz,Martino Livingstone,308 Gulseth Trail,Syracuse,New York,97569,315-670-2711,314-833-7256,71d87ae5-a8aa-4e20-8be8-0aa4c3091235,YT-1606,North,50000,P
W764Gz607,Latz,Napoleon McCambridge,13894 Mayer Point,Las Vegas,Nevada,95951,702-589-5075,915-553-4458,b7e67de6-fd87-46f4-87de-6ba1be67f86c,cu-3082,North,100000,G
F924XW553,Brightdog,Sayer Steen,96743 Clemons Road,Charlotte,North Carolina,96447,704-404-6222,940-386-6626,8352d967-cbad-400d-a37f-976973a78012,xK-1898,East,1000000,B
u870Si243,Jamia,Belinda Huxham,06171 Merchant Way,North Hollywood,California,84123,323-801-5860,601-109-2014,d06388c6-c835-4738-81e5-3737e61772e0,Eu-2871,West,50000,B
b217wN463,Linktype,Faith Batie,068 Dapin Avenue,Long Beach,California,97586,562-323-4001,918-535-7157,7ca73eea-2d02-4838-abf0-7fab524f264a,Qh-3308,Intl,50000,P
u675Cr680,Livepath,Darci Arnott,945 Helena Pass,Baltimore,Maryland,71887,410-282-7646,419-765-0171,98b2ff2d-8b41-428c-94f9-573037a7fab1,Ur-5019,West,250000,G
A328RZ824,Voonyx,Estelle Baskerfield,73810 Lotheville Center,Amarillo,Texas,63354,806-476-4486,941-668-1451,801ec805-8a4b-44c5-be37-88ed24c69956,sa-1203,Intl,100000,G
z597ec566,Feedbug,Magdalene Francesch,43793 Burning Wood Point,Falls Church,Virginia,88259,571-599-2206,805-687-6282,c04e87b8-76e0-4816-8023-d9312f355217,Bi-5844,North,250000,P
G908qt551,Oyope,Obediah Crosetto,8 Fuller Place,Los Angeles,California,80938,323-930-6900,209-215-7195,f3df5d92-2185-4821-880c-4bf2a187971d,rq-2478,Intl,100000,S
H409rS555,Voolith,Emlynne Jakubski,6 Maple Wood Point,Silver Spring,Maryland,85430,410-394-8472,334-583-5174,4c7f7e60-5f8b-4563-9a0a-23fb9a04e853,ML-6015,North,250000,P
H732mO213,Digitube,Stephanie Morrel,52406 Merry Street,Detroit,Michigan,95047,313-435-5124,404-506-6782,d2f4cd6f-4f8f-437c-8dc4-46beb8ef76d8,Ar-2669,North,1000000,P
F057hb447,Voomm,Denice Wainer,1 Hanover Trail,Des Moines,Iowa,88870,515-565-9562,806-217-3925,5594ac68-b82c-4649-b4fe-312c79cc832a,Lt-1308,South,1000000,P
A169dk769,Feedmix,Erhard Spenley,7834 Pepper Wood Drive,Fort Lauderdale,Florida,85348,754-760-3690,202-734-2929,bad938a9-e588-44be-b45d-f17a6a4ce5c7,IU-2874,North,1000000,C
F789Us890,Flipstorm,Dave Edgeworth,3977 Northland Court,Saint Louis,Missouri,99789,314-483-0027,918-220-4777,86d9842c-8412-47e9-be2b-c8420eb84c9d,mF-3472,Intl,250000,P
l444YK153,Mudo,Kata Battelle,62 Lunder Plaza,Washington,District of Columbia,66561,202-685-2274,928-961-9016,4effece3-0348-430b-bd3f-26c3bc645366,Ki-6179,Intl,250000,P
f313pD079,Zoomcast,Blaire Engelmann,6 Butterfield Junction,Sioux Falls,South Dakota,64832,605-986-0153,804-622-9607,def88664-bc8e-4141-919f-bafe75627cc6,vk-2279,North,250000,P
A804VU799,Fatz,Courtney Rhubottom,8055 Old Shore Drive,Cumming,Georgia,77084,706-555-0570,704-374-3069,3753d325-0fb5-45fc-863a-f6994b610136,na-0934,Intl,25000,G
Q763MD340,Yakidoo,Celinda Eburne,022 Randy Circle,Scottsdale,Arizona,52658,602-408-5258,813-111-7796,0c193bfd-9e81-4053-98b8-da011061e3c1,Cx-6146,Intl,100000,C
Q796hz721,Meemm,Lolly Borles,78328 Crownhardt Crossing,Shawnee Mission,Kansas,93658,816-330-6433,813-909-3215,3d63152a-d62c-4c17-8af9-b1a9e1a2dc8f,hY-9416,North,250000,P
R145qs974,Plajo,Tamma Scarf,6989 Northwestern Terrace,Albany,New York,91988,518-790-9042,505-832-9968,3a0bba1f-a547-4787-9760-de1fa499b70a,QO-6729,Intl,250000,P
j732sI924,Tazz,Perri Beeching,24 Mallard Place,Wichita,Kansas,76403,316-141-2985,919-248-8521,36a9aafb-6484-4758-9c7f-5e0be449fc1e,JG-3357,South,1000000,S
K959Qn997,Quatz,Jobi de Clerk,780 Golf Course Parkway,Evanston,Illinois,79020,847-330-2680,702-729-7106,1b63a1ca-75be-4808-98ac-01acb9951d6a,uT-9603,Intl,1000000,P
H665Xw993,Youspan,Brewster Waywell,82 Spenser Lane,Clearwater,Florida,93124,727-191-5579,754-373-1757,aeefe4d1-a65d-41f5-a826-06952d2d8265,WT-9200,Intl,1000000,G
M982ok320,Kwilith,Maddie Mallabone,6 Towne Park,Seattle,Washington,98090,206-794-1598,407-893-9487,d5918cc6-8a65-44dd-8fb2-e1f673140e84,UD-0608,Intl,1000000,P
X152YC995,Jetpulse,Julie Collyns,02814 Park Meadow Parkway,Anniston,Alabama,95853,256-364-8319,814-424-1066,f09850b3-8ea3-4a24-a51f-adb1f8fb8a0c,Za-3826,West,1000000,S
f101hZ095,Devshare,Urson de Keep,4095 Old Shore Parkway,Pittsburgh,Pennsylvania,71058,412-678-9811,352-819-4187,24ea7371-6170-41e1-bea8-bd3e5e306304,ki-1402,East,50000,P
g286eQ529,Skimia,Yankee Treadway,30 Stephen Circle,Springfield,Illinois,76119,217-269-4391,423-915-8393,67819008-8a6e-4546-b0bc-8600048692ee,wr-6291,South,1000000,P
B550SL974,Jabbersphere,Kimbra Redgate,62990 Gerald Lane,Oakland,California,87276,510-236-2290,509-950-8926,01c96936-5852-4c71-8c25-d76daf573110,WN-5219,Intl,250000,P
c882vM808,Jabberbean,Jilleen Jamieson,70 Continental Pass,Zephyrhills,Florida,92235,813-997-4954,951-135-3707,4e344610-1de6-482d-8ad0-a9b5b64f475e,OM-8647,South,1000000,P
s317Fi520,Yoveo,Annissa Iacomelli,1490 Lawn Parkway,New York City,New York,72359,646-225-6157,704-723-1007,3c017b2b-c063-4793-9ecb-10fd7dad46a6,Cd-5783,Intl,1000000,G
q521eu899,Yotz,Tracee Doul,3 Graceland Street,Milwaukee,Wisconsin,85396,414-416-9799,615-573-4099,8b66eb6f-a9d4-4897-85eb-8922c0c2674d,jO-0908,North,1000000,P
x427xA162,Meemm,Thaddus Plews,94277 Hanson Plaza,Fort Lauderdale,Florida,90869,954-476-6825,432-407-3194,31ef3405-f9c3-4edf-9668-bf0bd7dfa863,XS-1626,West,250000,S
U304hk578,Plambee,Darya Eyckel,9672 Comanche Crossing,New York City,New York,88753,347-669-5868,509-752-1753,070ea236-741c-4344-9709-0e3b6b1ee53d,RT-7339,North,1000000,P
g757AX610,Gigazoom,Hayward Rainer,89 Rutledge Court,Grand Rapids,Michigan,59325,616-244-5816,202-945-1429,284352b1-3686-459c-9b6f-8addc2419eb2,JD-3801,North,100000,P
b046Cp485,Blogtags,Corissa Dansie,3 Twin Pines Point,Birmingham,Alabama,93774,205-715-9828,704-716-9240,9c266ce7-a018-4058-818d-4a2e4e98293a,DV-6656,South,1000000,P
f970oU053,Meevee,Franciskus Tran,4 Ryan Crossing,Brockton,Massachusetts,73097,508-445-5296,214-614-3701,a28d47a8-106a-4853-a16e-d9f239c99da6,oN-5271,North,250000,S
I535Ah356,Wordtune,Natassia Suett,8 Anhalt Trail,Milwaukee,Wisconsin,85872,414-182-5215,210-216-0068,60f5fe2d-faac-4c67-a5bc-fc27ff5abbd5,kl-9844,Intl,250000,C
u538aB564,Topiclounge,Cece MacCoveney,28 Corry Circle,New Orleans,Louisiana,74686,504-859-3479,314-865-3524,d9013c57-16c6-48a6-a8cc-dc2c651479a9,Zu-1951,North,1000000,P
n630CG580,Photospace,Marigold Acome,52182 Texas Trail,New York City,New York,89478,212-648-1378,203-606-8591,98ec3b0a-ac62-4604-b7b4-a220fe0cf08d,Wh-7998,Intl,1000000,G
b034MD097,Tagpad,Brenna Whoolehan,7 Vahlen Place,East Saint Louis,Illinois,85848,618-858-9829,512-457-9758,acb17d9a-eda2-44b5-ba90-e08c93a0dc46,bd-6136,North,1000000,P
s745tE146,Abatz,Angela Szwandt,49969 Fieldstone Parkway,Houston,Texas,77983,713-867-0936,318-895-5235,a5abd3fe-7d0c-4dfd-a3dc-77b8a3ff30fc,ay-4937,Intl,250000,P
g977xM121,Meevee,Ellery Scandroot,8 Hoepker Hill,Santa Cruz,California,59071,831-437-3469,478-259-4535,339d7a42-1709-4b73-9a98-545b630d990d,nM-7372,East,50000,B
n735lC169,Janyx,Maurizia Gooderick,5264 Arkansas Court,Oklahoma City,Oklahoma,74367,405-458-2498,571-763-0872,09c217ea-2f47-4a93-aed0-54b36ec92b0f,Rq-5458,North,1000000,B
S846bs931,Myworks,Ruthanne Biernacki,519 Iowa Lane,Bellevue,Washington,93462,425-964-5467,717-852-4025,e5e52fb1-7518-470b-95d3-764ad4cc6865,cc-4484,Intl,25000,G
v351Gz559,Aimbo,Dorene Blaza,45 Oak Valley Terrace,Gatesville,Texas,91944,254-726-2691,713-195-3706,30941b12-a8f4-4503-b8a9-1b453379172b,Et-0715,Intl,100000,G
K869ZZ559,Bubblemix,Leela Berggren,0 Prairieview Pass,Sioux Falls,South Dakota,65417,605-380-0190,614-329-6681,a4e14f97-c2fa-4557-af75-d7d3a949424c,HV-8537,Intl,1000000,P
N157Cj068,Flipstorm,Alexis Sustins,29430 Shelley Court,Bethesda,Maryland,84792,240-894-2622,361-571-9651,215c7e9c-7569-4aa3-b1a8-3c274c4220b0,GQ-6380,North,50000,P
b829UM365,Yambee,Saxon Vedeneev,1983 Center Avenue,Muncie,Indiana,92448,765-451-0387,571-263-3384,5422ef5b-edb4-4a3e-9be4-a027379e14d4,zv-8664,Intl,100000,G
m171OL312,Yambee,Vlad Druett,19 Sachtjen Lane,Raleigh,North Carolina,96394,919-731-3828,850-556-7452,a85d0171-8e7d-41a2-a2ac-38378742d49c,fb-7374,East,25000,G
N070xb867,Tagfeed,Agretha Trays,5456 Center Parkway,Topeka,Kansas,99864,785-222-9925,803-645-6343,7cdf3039-b84e-496d-b733-f8ddddcf446a,lg-5902,North,100000,G
p717Mb884,Einti,Arluene MacNamara,661 Oriole Plaza,Savannah,Georgia,88568,912-394-2643,503-901-4109,4dd6e241-354d-43eb-82d7-a2c92adc6f7c,Xj-2064,South,1000000,P
e907VT655,Livetube,Donia Casterton,0761 Cambridge Center,Austin,Texas,71207,512-329-8984,806-245-9970,a364463d-4324-4de5-9c8c-62ec0c601c3c,Ox-3615,North,1000000,P
r155yi981,Abatz,Sutherland Hynde,1482 Fairfield Court,Shawnee Mission,Kansas,80277,913-662-4537,317-974-3011,18320ed6-2a84-4b0e-8086-1fa63d66679c,RC-3180,Intl,1000000,P
N571uw088,Oyoyo,Freddie Drought,128 Sloan Way,San Francisco,California,96957,415-951-6499,361-624-8190,e11f0836-ff71-4044-bf33-63369e746df4,UK-4651,West,250000,P
F547qu135,Ozu,Emmery Duffield,3 Summit Park,Sacramento,California,91451,916-934-7002,414-625-9811,64e1158d-fb34-40e3-a886-c1a6d732819b,Eb-6873,Intl,1000000,C
g840eu067,Tavu,Ardath Mayworth,6 Becker Park,Bradenton,Florida,82930,941-705-2599,864-621-7437,cebce16b-4f9e-43e4-82fc-b13d83be1e99,jD-8535,West,1000000,C
r518Lr885,Thoughtstorm,Gabriell Dorkins,46471 Morning Way,Newark,Delaware,85375,302-190-0397,518-768-5705,1d0451d3-7d19-4ba2-877b-92fc8c4bb7c8,uH-0750,Intl,1000000,P
x660Op051,Linklinks,Arny Cunnah,765 Scofield Street,Youngstown,Ohio,64491,330-466-4206,305-514-8764,4b0584c4-c8e6-495b-b3d2-bf95fb78e6b6,ip-9123,Intl,100000,P
F319Rq437,Myworks,Vaughn Cruft,36 Nelson Drive,Saint Louis,Missouri,87796,314-848-1773,205-488-9645,50544a96-b881-46a3-8158-b5ade8b2a9c7,DZ-6217,South,1000000,P
p926eu195,Jetwire,Margalo Pieche,524 Butternut Parkway,Richmond,Virginia,79999,804-682-9301,210-653-4035,f099d251-94be-4115-bfa5-88864673b4ba,Vp-7727,North,1000000,C
X086sE084,Voonte,Kayle Ransbury,635 Fremont Junction,Charleston,South Carolina,87993,843-833-1649,316-769-9998,3b00c69a-428c-4f05-9aef-bb0a83bd41a7,QU-8848,Intl,50000,P
Q610Ju026,Devify,Carlie Dupree,57 Thierer Street,Saint Louis,Missouri,76842,314-498-4640,913-198-5738,58bd5277-0b53-47fd-80e0-350daa2b9edd,RB-5214,East,250000,G
D018Xw023,Npath,Clifford Balsom,6 Troy Drive,Saint Paul,Minnesota,90703,651-923-5811,520-676-2683,c3c4a9fc-c939-4420-ae4b-78c67e317a15,eP-6274,North,1000000,P
E698HF113,BlogXS,Cicily Birmingham,0 Dahle Street,Kansas City,Missouri,87579,816-118-5480,682-375-8967,9493a069-6f8f-4897-8bb8-79d527b62035,jn-1303,Intl,1000000,P
V105sA453,Oloo,Banky Pinnere,73792 Monterey Court,Bridgeport,Connecticut,89452,203-279-0650,859-972-1410,4d65a3a2-a39c-4dc9-a229-9cd65aa5d7e2,qL-5510,East,250000,P
a276Aq952,Livepath,Brandais Blaxlande,41 Green Ridge Court,Henderson,Nevada,94032,702-727-7618,214-633-3542,a82804b1-f4f1-4bab-9eb2-9d68d6a7250d,hI-0661,Intl,1000000,P
m048XW459,Riffwire,Frederik Stuck,97 Moose Center,Peoria,Illinois,45125,309-708-4766,314-751-9194,649b5512-8e86-4cd6-bb0c-e806c64cd00d,UG-8408,Intl,1000000,P
z058IL245,Ntags,Konstantin Billborough,72300 Annamark Pass,Seattle,Washington,81606,206-713-5832,574-630-7617,c235c770-68dd-46d6-bfc9-21385c2a6b42,Jn-8349,Intl,100000,P
d363ef574,Yambee,Ellynn Sizey,4403 Derek Parkway,Van Nuys,California,76360,805-633-6612,804-133-8380,ebda0728-88be-4eb6-9200-5e5bbbcddb1d,XI-1474,North,1000000,P
k085kl075,Abata,Yvon Erickssen,48404 Hintze Trail,Scottsdale,Arizona,90971,480-920-0018,602-338-2385,7e1e4f62-c5cb-470c-a219-7ad0548bc745,Uh-1960,West,50000,P
j674PT290,Vidoo,Larisa Ramalhete,12 Roxbury Center,Minneapolis,Minnesota,77490,763-101-0817,610-750-7895,03903df6-c2b5-4318-a81a-88f4dafbfe55,WY-9589,Intl,100000,G
c709bn551,Jabbersphere,Chandra Bubear,7 Hudson Avenue,Des Moines,Iowa,87820,515-308-1951,912-397-7325,2cf2fec6-ed64-4bc6-b120-adb7cf1c80f8,jH-8486,West,250000,C
b358gK842,Yotz,Marvin Biskup,9904 Stoughton Parkway,Levittown,Pennsylvania,91244,267-404-4421,702-472-6215,ba6e63d5-30e7-4678-b61e-7e5015ffbc48,lH-1204,East,1000000,C
V374QX233,Trudeo,Brana Badham,0 Grim Plaza,Sacramento,California,94698,530-508-8581,205-396-4868,4dcb935d-81dd-4d2b-a9de-b8deb2bb3a70,Fg-4767,North,1000000,P
N789CL830,Mudo,Derrek Lawlor,16568 Tony Lane,San Francisco,California,72339,415-937-5631,612-209-4710,6547b37c-81a5-4068-9283-ae909e4987c0,Nt-4956,Intl,100000,G
c010nx209,Dablist,Chan Kyte,61092 Katie Pass,Atlanta,Georgia,60455,404-259-0953,770-188-5629,4a90a06c-932f-49c7-a16d-be4c2c0f2ecc,YU-2192,Intl,1000000,P
A811OI906,Ntags,Tore Witson,0 Weeping Birch Place,Huntsville,Alabama,92780,256-337-3886,213-809-3760,3e4626ca-38db-477b-89fb-776afd8f4226,dq-4186,North,100000,G
o919xZ766,Devcast,Indira Paige,9 Thierer Pass,Washington,District of Columbia,92690,202-118-0273,937-163-1449,ed5e92fa-24b6-4a40-a03b-f8ac77cb8239,Yc-0519,Intl,250000,G
t469HO171,Flipstorm,Alta Suggey,59853 Washington Way,Charleston,West Virginia,94086,304-394-8006,405-821-4151,4923fc97-ff54-4f34-97c7-5751392caf00,ST-3492,North,1000000,P
l991mk995,Livetube,Consuelo Trott,4864 Corben Plaza,Simi Valley,California,96299,805-600-7586,225-940-4790,9f987e05-2e2d-4cf9-818b-2feafc5a83e3,bU-5305,Intl,100000,P
T902TC582,Katz,Jeddy Fones,60163 Vidon Lane,Anchorage,Alaska,91683,907-780-6599,309-343-9792,8bdaafcc-c37b-4187-97a0-36de8a50c5b2,VD-0274,Intl,1000000,P
z335Nm536,Jetpulse,Dolores Sommerfeld,0302 Surrey Trail,Springfield,Illinois,89400,217-279-0151,305-578-9393,a20d5a40-83da-484c-829c-2fb49f05c2a1,cZ-6812,Intl,100000,G
s961Sk224,Roodel,Abbye Covington,92 Commercial Alley,Scranton,Pennsylvania,55646,570-637-1232,208-891-5380,fb378ece-8f74-4268-903a-bca57a42e405,EQ-1047,South,1000000,G
M013kJ580,Agivu,Helga Crippes,55055 Jenna Hill,Louisville,Kentucky,80741,502-414-1067,312-835-8125,a1b8081a-ee03-47e5-8821-a84c1991db44,mv-0419,Intl,25000,P
f078GU273,Yamia,Mozes Stobbe,69448 Delladonna Trail,Anaheim,California,80442,714-896-2962,714-307-6187,a1e95406-a1d6-47f9-b0ec-c7c83e6c0d28,Ug-8801,South,100000,P
J425Ex123,Wordpedia,Remy Belderson,412 Raven Pass,Boca Raton,Florida,81499,561-510-3403,501-251-1101,91a1e22b-8aa9-44be-a950-8a87c08d309a,QR-2834,South,25000,P
u120Dy279,Yacero,Abagail Serrell,75 Delladonna Pass,Camden,New Jersey,70934,856-927-5310,336-861-0638,ea93a241-2603-44fc-81dc-e4bc45a7b657,Ex-2642,Intl,250000,C
w626yo539,Quire,Jeanelle Bruhnsen,87 Truax Pass,Duluth,Minnesota,86013,218-609-0302,650-759-7175,37dd8580-a85e-44c9-9d36-7c46bc27a121,xA-7565,South,250000,P
s196YD238,Zoovu,Eben Loughman,2092 Banding Crossing,San Francisco,California,92807,415-695-9756,785-963-4769,1b0d6b2f-0649-4d27-99c1-75b828f8eea4,VL-7608,South,1000000,P
H653lz264,Fanoodle,Forest Von Hindenburg,5 Ruskin Parkway,Flint,Michigan,76964,810-529-6965,912-834-2932,bba93261-70cd-483e-af45-8a04781ed257,xX-8970,Intl,1000000,P
z169LX683,Kazu,Sallie Alessandone,261 Parkside Center,Philadelphia,Pennsylvania,90772,215-757-9764,352-810-2034,3b10d974-6f01-470b-a0d1-80f299d2ab03,Jf-9444,Intl,250000,G
Q496ju530,Roomm,Ham Della,5 Mcguire Plaza,Tucson,Arizona,95606,520-458-7896,571-832-5712,29fae9e3-a233-483a-a929-fbda2e742c41,DU-4700,Intl,250000,G
Q162Hr262,Ozu,Sari Caselli,96858 Sheridan Street,Chicago,Illinois,80892,773-664-6301,601-314-2946,93ee2e8f-2a40-4f1a-8e4a-7ac4db7e3aca,vv-6696,East,250000,P
A456MH614,Skimia,Bret Berringer,73 Susan Hill,Denver,Colorado,85197,720-279-7357,702-186-8470,41c0025e-fb44-404b-ade9-8e8b92b6b158,sR-3072,Intl,25000,B
Y612Oy172,Tazz,Garv Sprankling,76 Harbort Street,Missoula,Montana,91236,406-617-3270,954-305-6603,de63a531-fedd-4330-93ae-1aa3dd96ccd6,aV-4055,South,1000000,C
p627AP902,Fivespan,Kailey Jervoise,866 Bobwhite Place,Bakersfield,California,92797,661-792-9887,479-229-0897,17be1712-8c9a-416c-b732-924ec655f577,yl-6581,North,1000000,P
T139bK156,Skaboo,Sybyl Erlam,1 Talmadge Parkway,Portland,Oregon,99877,971-975-2657,716-201-9795,cd3966b1-b1f2-45f0-93c9-9d5a41e53ac5,Ec-9712,West,100000,P
i785ZZ239,Pixope,Krysta Bellas,2 Carberry Terrace,Washington,District of Columbia,82706,202-610-5148,717-901-4428,0c3a1b65-6791-401d-a60e-e7179ddea84c,Jn-6649,Intl,1000000,P
T394JI211,Wordtune,Kally Maharry,1059 Melby Hill,Richmond,California,73376,510-690-0575,312-945-1587,d11989b3-5c29-4f80-bd6a-6da078b91911,Le-7765,Intl,1000000,B
C627Ge808,Tekfly,Jeannie Cable,45 Mcguire Lane,Mobile,Alabama,81222,251-878-8664,510-434-0798,f9872421-0002-4285-a329-7d263881b1f5,wl-9195,Intl,250000,P
f244mj588,Dynabox,Gherardo Nanetti,6021 Londonderry Place,Fort Lauderdale,Florida,84694,954-986-8513,316-190-5443,bfade856-16ef-486b-95e9-89c6bfca69e5,og-4019,Intl,250000,P
h264Vc155,Zoovu,Abigale Bogey,4 Shelley Circle,Mesa,Arizona,92479,480-475-5050,651-877-9622,b9e0fd7d-5de8-4c14-84ea-3beaa2fa804d,Tc-0835,Intl,1000000,G
A547jn539,Brainbox,Florance Shinfield,62 Havey Avenue,Louisville,Kentucky,83279,502-516-8506,212-685-5550,501b09d8-bf86-4e71-8279-4f58f5fbe775,fz-2896,East,250000,C
h676dB173,Leenti,Genny Vigours,95647 Becker Park,Dayton,Ohio,96239,937-730-4355,651-652-3616,cefdb41e-505a-4cbe-a6c0-18a27c06255a,Zy-6377,North,1000000,C
Z454bP048,Leenti,Jeni Donhardt,88121 Dorton Lane,Houston,Texas,80132,713-386-7054,281-768-3343,c42d769f-d320-4477-b7f5-14849a44d228,zB-4710,North,100000,P
B325nX258,Vimbo,Marmaduke Wernham,96 Leroy Way,Shreveport,Louisiana,76449,318-799-3803,602-652-5977,2ed3798b-7bc6-4b35-acc6-fe6e8f80fcdc,yI-7633,Intl,250000,B
v871YT495,Yodo,Domingo Glazzard,8690 Cottonwood Drive,Albuquerque,New Mexico,95217,505-658-9486,313-982-6128,1d063e73-9c70-449b-997a-d28c4a82bacd,Fc-6926,South,100000,P
b264Rh272,Jaxnation,Marchelle Glennard,5123 Banding Avenue,Miami,Florida,87430,786-140-0291,619-530-1053,4e1754c6-c638-4615-b517-67aa7db5e4e6,TK-6906,Intl,1000000,G
P312bi001,Meembee,Marya Stewart,344 Superior Avenue,Buffalo,New York,80169,716-601-3032,309-820-1754,ab08280d-6200-4c47-bea3-a340d2937e5b,pf-9600,Intl,250000,C
o732TU467,Lazz,Janela Roddan,52 Hayes Lane,Jefferson City,Missouri,92015,573-900-7785,619-321-3322,e81a3003-b46f-40e6-8396-ea38cc13cd0a,aL-8614,Intl,100000,P
k985In195,Aivee,Harry Powner,26 Packers Street,Columbus,Ohio,90235,614-967-9542,504-169-3987,d1294c78-ace2-45aa-bbc7-681de37be4f0,bx-6618,Intl,1000000,P
W704pz477,JumpXS,Elfreda Strasse,20 Schmedeman Crossing,Greensboro,North Carolina,83771,336-690-8586,801-935-4260,096790ed-0c80-4a86-a467-cdb04d09464a,ZP-2623,West,1000000,B
R388eJ314,Browsecat,Timofei Cozby,58 Ohio Trail,Los Angeles,California,75083,323-142-3519,614-490-0189,1f565b75-f6d5-4e6a-9fc6-fd44b8815f8f,QB-4086,Intl,25000,P
z937FI693,Yabox,Antonietta Janes,08 Jenna Court,Jacksonville,Florida,88247,904-187-4426,801-453-5061,bdd0e0f3-899c-4613-a548-35c1f841a863,si-8273,Intl,250000,S
m172SY438,Yakidoo,Evered Seywood,25877 Lawn Hill,Duluth,Georgia,91087,770-598-8770,317-188-7174,7eb73c4b-bf94-4023-9053-d4ed35878906,vV-7911,Intl,1000000,G
x245zh434,Bubbletube,Maurie Ebbings,167 Merry Junction,San Antonio,Texas,71380,210-229-7614,305-605-0374,e54e44ff-80e2-4366-9ecb-360282ea5868,Ez-4605,East,250000,C
x351uM541,Quimba,Ashia Wrightim,721 Hoffman Plaza,Columbia,South Carolina,90845,803-578-8682,205-968-5872,405538ca-63f6-4d18-934d-eb79e99b1c68,vq-8392,Intl,250000,C
w805BS121,Feednation,Myrtice Erdis,28969 Manufacturers Road,Billings,Montana,92672,406-752-9144,214-448-8028,b31f5584-4d1e-4077-8418-8fcfa1b149c2,Qc-1875,Intl,250000,P
K619jI882,Divape,Floris Farlowe,6904 Kensington Pass,Alexandria,Virginia,98496,571-763-2465,318-482-1119,efb381ca-61a8-492c-84b1-c376ad4a6650,UI-2688,North,1000000,P
n286oR069,Zoozzy,Danyette Simeone,63 Fordem Road,Seattle,Washington,82956,206-500-1096,619-944-4853,43dac0ac-c1ae-4e79-9f42-bc13b3d62d04,WS-1300,Intl,250000,P
C786ik227,Rhyloo,Fidelia Sevior,94 Moose Alley,Waco,Texas,95482,254-549-0545,650-995-4414,b5e499c4-977d-431c-8bfe-628672d58532,sr-7696,Intl,50000,P
i762DX772,Jayo,Marti Haukey,18686 Bunting Place,Idaho Falls,Idaho,99905,208-793-5760,347-175-7505,4b0f1567-9266-4e9e-81bf-74b34d7b4efc,qZ-3195,North,250000,C
I899Nc091,Eabox,Roman Truckett,991 Rowland Plaza,Des Moines,Iowa,94938,515-301-5291,718-648-6911,37ac2734-e76a-450b-b2be-bdcc15f2ad40,EX-6625,Intl,1000000,P
S831uc560,Topiclounge,Natty Bunstone,740 Linden Center,Indianapolis,Indiana,85582,317-861-3838,605-216-8389,81ea63f9-b6dd-44c2-a0f5-4682f6510363,GN-9862,West,25000,S
X073aR931,Thoughtworks,Carol Peinton,1 Harbort Point,Inglewood,California,83655,310-380-1595,513-792-9402,c1853675-b09c-4b89-a95d-31db16985ab1,ko-6360,Intl,100000,P
u598zY955,Mudo,Rubina Snell,6319 Oak Valley Terrace,Jacksonville,Florida,98831,904-929-6667,972-793-2021,116b1529-9c34-4bf8-a955-919575af1566,kl-0695,Intl,1000000,C
c256YA053,Zoombox,Benedicta Annwyl,84805 Blackbird Lane,Oakland,California,98963,510-205-5113,858-425-9531,f1ccc533-d215-4d31-bbdc-da484cf6fafb,kV-6038,North,1000000,P
h198Pk449,Skyba,Yvon Beaudry,392 Butternut Crossing,Fresno,California,99529,559-792-5775,773-473-8537,a71f10ff-2d1a-4aa7-9581-7aa37eab5735,ED-2915,East,250000,P
D563bw158,Vidoo,Dante Storrah,68 Johnson Parkway,Seattle,Washington,64419,206-629-9598,209-594-7175,ab3883ee-3b4a-44e5-b2bd-50d9d1e8b4fa,SF-4441,East,1000000,P
d681Yc442,Browsetype,Saw Greguol,54864 Myrtle Street,Oklahoma City,Oklahoma,95715,405-182-7735,202-203-8145,1677712c-3a84-4fa8-8282-a430b4618fce,DH-3331,North,1000000,P
O203uZ032,Youtags,Vevay Radnage,127 Waubesa Trail,Anchorage,Alaska,92307,907-779-8871,408-681-3493,85e5ea3e-5d19-4ae5-b628-f58a3500e6de,mO-1296,North,1000000,G
e766kj034,Browsetype,Sallyanne Franzini,02 Aberg Parkway,Fayetteville,North Carolina,93151,910-363-1351,650-959-9391,23191f95-a89e-4d8b-8b47-2da34952955e,wQ-3419,Intl,1000000,P
X300tx303,Jaxworks,Kendricks Kovelmann,51 Ridgeview Trail,Odessa,Texas,82813,432-775-4182,704-991-9564,c8b91539-20ad-4baa-bda1-3240cbb1d65e,or-3254,Intl,50000,P
q362mq946,Quimba,Willey Tureville,4 Ruskin Lane,San Diego,California,81437,619-676-8623,352-319-0619,505b5d37-192c-4351-8729-9876123ec2f9,vp-6267,Intl,1000000,P
H924qW424,Twimbo,Jodi Hadkins,484 Tony Circle,Rochester,New York,94349,585-537-0392,215-984-8859,3b05840b-d428-451c-9b61-b11339f054f5,ED-5361,North,1000000,G
y980jT269,Twitterbeat,Bee Sailor,6537 Northfield Drive,Clearwater,Florida,96625,727-605-0299,330-722-5130,a4683911-4e7b-40df-b594-a39bc496baae,Lx-1007,Intl,250000,G
h056ZW561,Jabberbean,Deeann Trunby,2 Lien Parkway,Murfreesboro,Tennessee,90335,615-391-0795,817-557-7574,a9b105fc-f109-48bd-ae83-8df52cfc6d99,wR-8916,Intl,250000,P
t448Lt531,Rhyloo,Bealle Antcliff,0 Rowland Court,Greenville,South Carolina,80614,864-465-6864,714-755-5375,026056e0-9442-4f2b-abed-96fca536bad7,iX-7756,Intl,1000000,P
V005GS876,Oloo,Donnie Mawdsley,4 Beilfuss Plaza,Chicago,Illinois,86960,312-827-9910,971-863-8439,61a9063e-4433-429d-9602-1d41768c14fd,Yk-1670,North,1000000,G
O275rg507,Linktype,Lynn Simms,0043 Ohio Road,Hartford,Connecticut,92743,860-731-7153,630-526-3970,5e138738-5c38-4f04-8ea8-22ad814d2d66,bJ-6852,North,1000000,P
G528XF734,Skimia,Dory O'Scully,55 Bultman Road,San Diego,California,72560,619-397-9266,843-802-4025,ae48efd1-a4e2-46ba-b330-95c16d8abf5e,mX-7396,North,50000,G
o102Uy135,Camimbo,Leslie Aldgate,1 Sundown Avenue,Trenton,New Jersey,91903,609-996-0288,864-783-3756,49efa92c-b629-4edd-9fc8-d1f267e8ce50,Sb-3053,Intl,100000,G
X304gN695,Vinder,Ches Rule,44145 Kingsford Drive,Albuquerque,New Mexico,92841,505-392-4972,434-746-1040,97194b34-c14a-499d-a609-48dcdfdd4068,jM-5348,East,250000,P
m875mO200,Rhybox,Maryanna Jeffcock,79 Kipling Drive,Newport Beach,California,74486,949-728-5283,480-483-9170,f8bf9dec-5692-4b47-84ed-f466ddfd6952,oA-5108,West,25000,G
g829sW887,Flashspan,Edee Carnell,0 Forest Dale Place,Worcester,Massachusetts,90634,508-228-2033,281-636-8901,ba767203-d4ad-4376-a882-406b60012db1,eJ-6246,South,50000,P
c050HJ514,Jabbertype,Brandea Kernan,58 Maple Pass,Lakewood,Washington,97103,253-712-8765,941-529-2890,9b2b7114-f9de-4849-9dce-7e3e37a85e5d,vq-6334,West,1000000,P
D523RW158,Talane,Heinrick Vern,672 Blaine Way,Augusta,Georgia,95233,706-484-8617,517-145-6405,b6b17e31-6150-4073-abc8-e6744af19b81,GY-9591,Intl,1000000,P
q246CJ920,Abata,Gage Bartkowiak,9241 Lighthouse Bay Way,Tulsa,Oklahoma,87247,918-190-7332,936-528-1751,dd56bcd0-9fa7-4552-a13a-a81f627f977b,Qw-6371,Intl,250000,G
H592ho820,Flipbug,Yves Rosenbusch,99 6th Street,Los Angeles,California,99348,213-460-3366,503-930-8423,e578594a-1a91-4e94-a919-8a73e47bce9e,rW-2855,North,1000000,G
E445rm897,Yozio,Jenna Fere,67318 Glendale Crossing,Falls Church,Virginia,81010,571-207-4496,765-344-0306,99f7ebd7-0fcf-4883-94e7-ad8945ad2c63,Xs-2843,Intl,50000,P
O872Xn930,Plajo,Hadria Paoloni,62337 Bartelt Terrace,Jacksonville,Florida,97147,904-244-9478,772-672-3835,9102fc86-5627-44bf-bc0c-2921d36e2f32,UB-9677,Intl,25000,G
P128nQ020,Flashpoint,Rogers Mirrlees,7105 Packers Park,Springfield,Massachusetts,99839,413-925-4347,508-934-3373,fcad8674-d052-4301-a298-a3df62ae48f6,io-4811,Intl,1000000,P
z479kt326,Browsezoom,Estrella Thiolier,32 Menomonie Alley,Torrance,California,93136,818-610-6802,608-167-8259,76f901fc-926e-4f16-91e2-87c2c5c80945,VM-6561,Intl,250000,C
v947OD609,Trilia,Bartolemo Dubique,4575 Boyd Lane,Olympia,Washington,78421,360-441-6181,863-740-7325,0b24eaf7-fe28-4231-9bf7-fab5ca6c5913,aj-9609,Intl,25000,G
T703JO108,Skinix,Tuesday Cornall,6 Hudson Hill,El Paso,Texas,97807,915-153-7717,419-754-6434,b00e9b37-5614-436f-821c-00ad1ee34bcc,az-3940,South,1000000,P
e643Sa607,Devbug,Andee Collyns,98 Nova Hill,Kansas City,Kansas,83640,913-857-2133,502-758-8837,f66be789-fbef-42ca-a225-114f3c8e8a20,so-3752,Intl,250000,P
F323Hz595,Thoughtstorm,Essa Boultwood,2 Lunder Hill,Ann Arbor,Michigan,40560,734-859-7221,515-874-4215,956dd3b8-77a2-4563-90d4-963be73ffc39,rs-9906,Intl,1000000,S
T454hd983,Youopia,Englebert Menicomb,562 Hudson Alley,Amarillo,Texas,97895,806-162-3267,423-619-9952,3f442001-5a34-4b82-8c97-a1c47b410039,DL-5882,South,250000,P
x656Jr189,Dabjam,Lynnet Scoggan,948 Arrowood Way,Tacoma,Washington,98692,253-530-0783,951-151-0909,f5d05105-cd72-4e32-8d6e-44cc398d81dc,fX-7200,Intl,1000000,P
Y009pc630,Dabshots,Nerita Jacquet,5 Fallview Circle,New York City,New York,65670,212-588-5348,419-761-1922,dc91cb1e-2ed4-4668-92b5-941483446c2b,bC-9534,Intl,25000,B
R376wE177,Bubblebox,Connie McGrail,6 Hallows Alley,Boca Raton,Florida,97674,954-683-6754,907-433-2807,9f13882a-c4fe-413b-8627-83b07d520ace,mu-9813,Intl,1000000,G
Y791kN668,Thoughtbeat,Shelton Flipek,7853 Myrtle Terrace,Santa Rosa,California,79834,707-301-5597,803-689-4198,c64d0b68-2ab2-48cb-8410-e67e4cc51421,yE-0389,Intl,250000,P
Z705bY175,Cogilith,Carmon Caskey,24260 Talmadge Lane,Augusta,Georgia,53687,706-782-8554,316-856-6163,832d1428-de3c-4d9f-85ab-364fa9885608,mS-3879,Intl,250000,B
N005DW077,Blogspan,Iolande Sherebrooke,5142 Holy Cross Crossing,Salt Lake City,Utah,96396,435-912-8887,509-430-0222,e2e12a54-bb1c-4ce0-96c2-94a6ee20a1d4,CT-6285,Intl,25000,P
u525HB667,Livetube,Del McKelvey,774 Erie Parkway,Duluth,Minnesota,95787,218-422-8308,630-956-5442,90be931c-2199-44af-9a93-0ff168cf94c5,zO-5894,Intl,100000,G
M889aI173,Browsezoom,Rayshell Perren,79738 Holmberg Hill,Richmond,Virginia,95839,804-384-7208,202-632-5634,9287e654-36bf-45fa-8462-990503d4b0b8,tc-9198,Intl,250000,G
s373wh718,Minyx,Norri Bortolozzi,24374 Goodland Avenue,Worcester,Massachusetts,83792,508-743-9720,713-170-3428,907adb30-88b1-4abd-b602-fd0a3f615c80,Ua-2088,Intl,1000000,P
r137ni575,Tagcat,Emeline Holmyard,37459 Pankratz Point,Charleston,West Virginia,79845,304-502-2554,615-742-5844,9974aafe-240e-461e-9dd3-a1d50b847809,Ub-4247,North,1000000,P
L805ge975,Fatz,Antonina Fitch,59241 Hayes Junction,Wilkes Barre,Pennsylvania,93971,570-107-2241,804-726-0688,b2f8bf84-f8b4-452d-a843-74afcaaf0a24,Ua-9727,North,1000000,P
y373dS261,Chatterbridge,Amalea Richmont,9 Sage Center,San Antonio,Texas,48781,210-775-4656,713-978-9986,3435d1d7-cd76-450f-9a99-beebccd21a87,wp-3411,Intl,1000000,C
T190Us255,Digitube,Viviene McPherson,4255 Nova Trail,Albuquerque,New Mexico,95868,505-363-2461,806-827-6514,63d530e2-15fc-4fdb-b177-46e76c6ce668,vU-2582,East,1000000,P
e035ki475,Edgepulse,Mohandis Stanlock,1 Pond Alley,Miami,Florida,61474,786-625-3269,786-739-0528,1cd57660-d3e9-47df-bc45-c72852cddcc0,Ez-7421,Intl,50000,C
n786rX035,Abatz,Crista Wasselin,9 Cascade Terrace,Seattle,Washington,86826,206-440-7536,559-703-7980,7e34290c-2dd5-42fc-84cd-9c3b6db976ce,ro-7545,North,1000000,C
G070od749,Oloo,Reinhold Jennins,82 Golf View Avenue,Saint Louis,Missouri,54263,314-682-2014,816-584-9126,d84e1ac3-05b6-4986-be1b-68dfeaa97e51,rb-9113,North,1000000,C
g021gZ284,Realcube,Benedicta Dennehy,996 Mifflin Plaza,Chicago,Illinois,88990,312-262-2356,402-624-3163,b28a22cd-39f0-46fe-84b3-9098d1652004,xo-3802,Intl,1000000,G
f644Pw148,Zoombeat,Kalila Mahedy,00887 Waywood Point,Johnstown,Pennsylvania,92636,814-696-0067,917-542-6744,35a4a264-50da-443e-bf32-ad88fa1c31af,Zn-8510,Intl,1000000,C
c953pq060,Innotype,Paquito Chatres,77 Mallard Pass,Arlington,Virginia,80494,703-348-5333,702-568-0408,8524646d-59b1-498a-9928-8c5f32811852,Fv-2508,Intl,250000,P
S677WT227,Pixope,Riley Kitchinham,668 Prairie Rose Street,Augusta,Georgia,89630,706-508-7607,617-259-6212,97b0330b-d36e-4faf-a6b2-56b89c70cc63,zp-4025,Intl,100000,C
v335jS425,Tekfly,Leicester Muggleton,6048 Columbus Road,Scottsdale,Arizona,60168,623-185-5017,515-605-1582,cb328ac2-4d95-4d8d-af37-b434de078ecb,MG-9648,North,1000000,C
k240mW883,Gigaclub,Dill Lindsey,92561 Donald Street,Austin,Texas,62694,512-900-7410,510-620-6695,1b1818cb-d780-446f-8293-1afead4ccd37,Nc-8608,Intl,1000000,B
q012jx760,Devpoint,Rebecka Ginie,5 Debra Avenue,York,Pennsylvania,62138,717-729-8964,205-714-1258,1beb653a-8738-4808-bdbc-ab3e71b386bc,lM-3761,South,1000000,G
c411lJ947,Cogilith,Bail Sinson,4954 Miller Court,Lancaster,Pennsylvania,90062,717-378-3708,415-438-5039,5ea1aa36-32e4-446c-8b8e-9e0de860b9a3,Dl-5250,Intl,25000,P
p732ms485,Photobug,Tiffany Heinlein,98 Corry Circle,Las Vegas,Nevada,76003,702-523-7909,303-355-0482,523da192-83f6-4500-aafe-98399ed58965,DB-9680,Intl,100000,P
Y549FK052,Twitterworks,Barbara McGoon,0717 Butterfield Way,Raleigh,North Carolina,88510,919-674-8265,408-674-2395,56ec7593-5c0a-49a5-8214-6a76915bfde9,Wu-2484,Intl,50000,P
Z704Nz443,Voolith,Ingelbert Marquand,28 Scoville Crossing,Harrisburg,Pennsylvania,93418,717-461-4084,763-870-3820,bbd3a289-56bc-40ca-9828-5187956dc51e,iS-6353,East,250000,P
D219rA401,Skyndu,Chad Dunlap,44 Ruskin Trail,Memphis,Tennessee,88087,615-350-7628,317-930-3985,d595cdb4-2b40-4587-b703-9aa67a86e5c6,yB-8334,Intl,1000000,G
B637Jg880,Tazzy,Aleen Hardacre,1320 Canary Drive,Des Moines,Iowa,92958,515-454-7828,319-535-0306,e08241c0-f215-4db9-97f5-5aafa603fcec,nH-0801,Intl,250000,G
b861Gk167,Npath,Bernie Kerswell,7 Dexter Lane,Richmond,Virginia,84067,804-983-2453,225-162-7519,15a31358-d5e7-4328-916f-accea79d6a17,Fi-7064,Intl,100000,P
o685lZ287,Talane,Jordain Gery,6 Kinsman Alley,Minneapolis,Minnesota,95674,612-261-0779,303-485-7468,ec2260a5-fd00-4243-920a-53e99369e99d,iu-9961,North,100000,C
d685pS477,Thoughtblab,Herculie Troup,182 Reinke Crossing,Frederick,Maryland,51670,240-236-6064,603-843-9230,4394d441-33f8-443d-9fab-8ba3b6436b9e,gL-8412,Intl,1000000,B
b396VE042,Ailane,Marlowe Roony,3975 Mccormick Point,Van Nuys,California,92657,213-463-2596,704-645-1964,27fc85e4-e4f6-48e3-8d6d-c87588423313,dz-6068,North,1000000,S
u489ss696,Skimia,Judi Berrey,8008 Heffernan Way,Milwaukee,Wisconsin,79097,414-782-5285,320-845-8734,59100ea6-02ae-46ba-8cad-d13bf68db4c2,bg-5825,Intl,1000000,S
p251Zk398,Babbleblab,Cesaro Collip,780 Pawling Road,Grand Rapids,Michigan,87109,616-888-4083,907-878-8627,c99abcac-fc3b-4083-a7f4-4a46a63ef93c,mG-5035,North,1000000,S
j019UI159,Trilia,Davin Whotton,0834 Village Green Junction,Topeka,Kansas,90339,785-479-9752,913-562-8059,f2f68d15-2d46-4187-81db-88b1b1b718f7,Yi-3643,North,1000000,P
Y029sM993,Browsedrive,Myrta Kinghorne,18 Portage Park,Denton,Texas,54666,817-128-8087,309-952-0423,39336b97-9b50-481e-889f-a8a52d22a33b,hO-2401,East,1000000,C
c699Ri381,Midel,Raymund Poytress,9 Moose Junction,Buffalo,New York,59955,716-407-3135,720-380-8860,50bd93f0-ad0f-4247-8e0c-9728b149aad6,gy-4023,Intl,1000000,C
s751wk328,Shufflebeat,Brianne Helliar,244 Lunder Park,Norfolk,Virginia,95642,757-305-6656,908-591-1472,ecf381d4-27fd-47b1-b9d0-766d76dd5b61,lc-0160,West,1000000,B
I585Cs443,Skinte,Corbin Whistlecroft,9851 Upham Terrace,Norwalk,Connecticut,72389,203-489-1679,361-436-7585,fe74c656-3228-4cef-bc2a-a727615582c9,zj-4796,West,100000,G
F774XM571,Omba,Elvyn Skirving,5 Independence Terrace,New York City,New York,63563,212-795-6288,704-472-2839,b15174cc-3bef-4f68-88a7-860344c047a8,Ua-2654,West,250000,C
Y439kf075,Topicblab,Adrienne Saill,66 Golf View Place,Daytona Beach,Florida,90547,386-244-6725,412-655-0365,150c3646-32fc-42d3-b7cc-a1d11f278026,EU-3815,Intl,250000,S
h190XW818,Omba,Cassandra Lipp,036 Pleasure Park,Peoria,Illinois,93009,309-871-8139,561-575-8118,1449334d-f92e-40a4-9bc2-d24594d17304,ll-8190,Intl,250000,B
N407uV952,Camimbo,Dunn Gromley,820 Bobwhite Drive,Inglewood,California,90144,310-309-5371,518-698-6221,4c934d09-e413-4c70-85df-f1be1efa53c4,pv-6995,Intl,1000000,G
s318Oh101,Bubbletube,Nataniel Linsay,7 Logan Crossing,Fort Lauderdale,Florida,91904,754-115-1249,912-844-8072,318e4548-3350-4e64-bafc-c384c9f7d04d,dP-6012,Intl,1000000,P
B014gy197,Tagcat,Xena Gouldstraw,75 Meadow Ridge Center,Shawnee Mission,Kansas,96384,913-439-6137,619-459-5813,50aa6eeb-5077-44f8-b5bd-e310dc0ad34e,Dn-0968,Intl,50000,P
m011eT801,Twitternation,Grant Coggon,06747 Sage Junction,Brooklyn,New York,86386,347-113-1429,717-771-7480,85f04334-7d1a-4f26-a763-3a3776b34c20,bw-4082,West,1000000,P
R526xH219,Ooba,Morgan Ivanenko,09886 Amoth Avenue,Washington,District of Columbia,89968,202-438-7013,205-125-2925,f2caa161-37dd-4a4a-8802-44aede86913f,pm-0663,West,1000000,P
v550NE674,Livefish,Florencia Haylor,3 Dawn Alley,Tucson,Arizona,83666,520-671-5125,704-575-2111,842f17d6-e7f0-4ba9-8d39-4d25b0beb48a,FX-0772,West,100000,G
h132EZ555,Rhyzio,Elizabet Ryce,7662 Jackson Junction,Tacoma,Washington,96273,253-634-9042,702-974-9500,e2e0037c-22d4-4938-9445-b4d395e77866,tP-2350,Intl,100000,P
f275di957,Divavu,Ester Blomfield,37068 Sauthoff Circle,El Paso,Texas,92978,915-726-6148,727-890-2100,5fa0fee5-7f79-405c-84f5-7b34b4d86e99,ao-6164,North,1000000,G
l728Ij744,Buzzster,Edlin Pagden,54726 Basil Plaza,Austin,Texas,85649,512-556-4535,202-692-0325,992d098b-9fdf-4170-9b28-9269acf8c6e4,Wi-5089,Intl,1000000,B
b269tZ783,Skimia,Marve Taylo,9 Pennsylvania Street,Boca Raton,Florida,36838,561-172-2347,850-853-2086,10709c78-a34d-4014-ad9c-287586496733,pM-7183,Intl,50000,G
S096jF955,Edgetag,Fancy Antoszewski,60 Doe Crossing Alley,Long Beach,California,83575,562-865-5055,502-435-4564,baa1328b-556d-41e9-bddf-d59a8b82c754,jD-4001,North,1000000,P
i892gw719,Ainyx,Natale Cornes,410 Macpherson Place,Southfield,Michigan,98841,586-733-6487,213-968-5991,3262e5fa-dbc4-4975-990b-d4cc7cfaacd2,bV-2727,Intl,50000,G
S628sV557,Chatterbridge,Ansell Wedgwood,1 Sauthoff Place,North Hollywood,California,94961,213-192-0407,609-327-1545,e27147d3-5cb9-4f4e-8b76-d027e27ecb2c,Uv-9580,East,1000000,B
z913xV251,Nlounge,Ian Sloyan,95 Pankratz Crossing,Tampa,Florida,91394,813-751-4951,318-489-4947,b7b2b7a8-2bbc-44bd-a4e7-76b6d2295604,cf-0805,North,1000000,G
o643Ss011,Zoonoodle,Xavier Bault,335 Summerview Pass,Chicago,Illinois,98813,312-835-2998,754-695-7579,dfc0d12e-488b-479b-a957-60b39b47c067,Df-5825,Intl,250000,C
X839rA119,Topiczoom,Lorry Bensen,01924 Hermina Point,Minneapolis,Minnesota,85656,612-422-1092,214-430-2217,88334e57-90d8-4cd4-9682-656bd76c1992,Bx-8095,South,250000,P
o938hU569,Skaboo,Karney Cockaday,88547 New Castle Lane,New York City,New York,94307,212-399-8772,330-245-6869,084aa53a-e22d-4113-a476-692906007447,tE-3476,Intl,1000000,S
U816Pk220,Edgetag,Mikael Steel,49396 Beilfuss Terrace,El Paso,Texas,97284,915-973-9645,202-820-6729,19a6f764-49d9-4b91-b2f3-b198793d8911,UN-5092,North,1000000,P
i314SE931,Rhybox,Miltie Biaggiotti,65 Fisk Hill,Norwalk,Connecticut,80403,203-909-9296,419-846-5241,22590ec3-9af6-4c50-8b2c-aae9ee0f9d19,DZ-0574,Intl,50000,G
i422AI718,Kimia,Chic Pearcy,3612 Veith Drive,Houston,Texas,90951,832-457-0772,304-325-9825,a42cc431-79f9-4b37-9a63-9d56f5e7c27a,uZ-6888,Intl,25000,G
O239ke288,Jabbercube,Agathe Warburton,054 Monument Street,Newark,Delaware,38912,302-582-4866,727-372-0225,bc8c57d9-5743-4345-88c3-2043f35e5fc1,Ua-7301,East,25000,B
N650bt487,Avavee,Hilarius Grinnell,1679 Ludington Parkway,Dallas,Texas,92949,214-884-8340,336-843-2072,dd102898-64fe-40ab-92fc-e42803d91e8c,zI-2580,Intl,250000,P
u399Qs053,Vitz,Jenny Greeson,92822 Spohn Park,Topeka,Kansas,92948,785-706-8043,409-920-8840,fb7f25f2-0295-42f8-956b-70646a5adde3,sq-3600,Intl,1000000,G
t866Px893,Bluejam,Shelli Bartolomucci,26876 Arrowood Drive,New Orleans,Louisiana,96945,504-804-9464,303-976-5831,a0612e7d-a763-4b3f-bb1c-1eee1939f318,mj-2894,Intl,1000000,P
S145rv084,Fatz,Ceil Dumphries,8791 Autumn Leaf Plaza,Topeka,Kansas,83753,785-813-0985,817-640-3054,81a0bbd4-765d-4478-be31-5a834662dbab,gZ-1334,Intl,1000000,P
A869Us963,Kwimbee,Ryley Doy,2661 American Center,Huntsville,Texas,86253,936-582-0924,951-997-1028,25fb691c-e909-4f31-8ab3-1b315be1a647,Bi-0660,East,1000000,P
v409xv646,Wordpedia,Robbert Bontine,743 Northport Alley,Pittsburgh,Pennsylvania,91731,412-361-9117,512-694-9835,1c890c80-c02a-494f-8174-a2a41cea2118,Sm-9905,West,100000,P
q263HU334,Kare,Gennifer Dell Casa,139 Thackeray Street,Madison,Wisconsin,94090,608-194-9360,239-457-4134,500c24ca-9f76-44da-8d66-87bd876f46a3,sv-4945,Intl,1000000,P
M568aD322,Gabspot,Clemmy Prenty,13 Sloan Hill,Brooklyn,New York,70021,347-442-6921,503-245-6574,4fc909fb-562d-4fe9-9cb4-1227ddc1b980,eD-5635,East,1000000,B
m532Ko561,Teklist,Garek Corradino,99 Prairieview Pass,Stamford,Connecticut,77056,203-696-6613,202-497-4650,cf900ef6-05fb-4507-8e3e-debaff38a6db,PQ-7050,East,1000000,P
z302Zv502,Devshare,Kermie Lintall,1553 Sloan Place,Lansing,Michigan,72820,517-920-3802,816-965-5778,f97fd630-0c88-4ea8-a47b-fef57ce51022,Gs-3519,Intl,50000,P
f515Yg901,Jabbertype,Mariele Arter,45 Marcy Junction,Wichita Falls,Texas,99608,940-366-3974,210-506-7738,af66819e-8863-419b-8dec-0bf7f4b4aa41,Oh-1984,West,1000000,P
Z609TL055,Teklist,Orton Sheal,5 Dovetail Trail,Tuscaloosa,Alabama,97831,205-644-8551,617-493-5730,f4528ed1-8966-4ee3-9564-aa8df1895573,Ef-3317,North,250000,P
l038eO118,Quatz,Oliver Largan,9096 Meadow Valley Junction,Roanoke,Virginia,90971,540-280-5751,318-507-3014,2d17bd2b-f125-4bd5-b30d-9439515f9a65,aR-0110,South,1000000,C
J043OC775,Thoughtstorm,Neddy Le feuvre,5168 Division Place,Richmond,Virginia,49740,804-566-0483,203-958-4345,f4b4c115-d1e4-47cd-b643-b1ef72220cd1,Iq-9625,North,1000000,C
I191zu887,Ainyx,Blisse Bolte,720 Mallory Point,Jackson,Mississippi,78214,601-809-4186,212-965-0219,9c13081f-e5da-4d20-b530-7f23807e520d,FT-3550,West,100000,P
e281fA765,Roomm,Cory Hateley,09092 Kenwood Lane,Richmond,Virginia,82163,804-965-8550,508-676-5594,f985d935-bfdb-415c-8de2-79ca94f0bee5,tW-5808,Intl,1000000,P
Q223oI060,Pixope,Krishna Caudray,528 Straubel Parkway,Peoria,Illinois,89033,309-290-9336,703-648-1070,a4a9ed24-30e8-49d7-b434-3da468f52fc3,Ea-5655,North,250000,P
b292qv870,Photobug,Jennifer Benito,5 Dottie Junction,Chicago,Illinois,98792,312-470-2426,801-177-8820,3a04fdd5-623c-4d02-9b37-80d0aec923ed,NQ-1822,North,100000,S
w892nf080,Mybuzz,Aurie Fairfoot,476 Moose Avenue,Seattle,Washington,94534,206-836-2234,651-134-4541,933d1cab-f8e7-47fb-9071-6d92e40be2ae,iK-8703,Intl,250000,G
q132YX064,Edgeclub,Thor Garland,5069 Cody Way,Baltimore,Maryland,92824,410-868-6536,305-967-6223,8b7b7059-7a04-4c02-94ee-0bf7e7e4302a,Qu-7403,North,25000,G
W911HA496,Skivee,Erv Welchman,21633 Jackson Hill,Tucson,Arizona,81164,520-633-5263,303-856-2997,84739845-832f-4cd7-8d7f-5af2854df27b,vx-8459,North,100000,P
A706Bl368,Innojam,Katharina Titmus,589 Ohio Circle,Naples,Florida,97421,239-154-9893,321-467-8460,496e248e-6438-42ff-9d7a-ccf06838a35d,EV-3028,North,100000,P
t019Vr331,Twitternation,Livvie Boame,8 Dapin Point,Saint Paul,Minnesota,65367,651-385-6150,253-713-0692,268d61ed-4904-41da-bc35-2e8b91be44c4,gm-1394,South,1000000,P
V290Rk305,Zoomdog,Naomi Gamlin,30 Onsgard Drive,Pomona,California,78463,909-723-4012,330-416-5048,f5475f5c-eb08-49a9-b041-fa1ee6602a30,sp-0311,North,1000000,P
y016nU754,Zooveo,Lydia Sandland,513 Heath Street,Dallas,Texas,99582,469-518-9497,619-776-7573,0fa57f93-567f-4d17-8a87-1628a1fbc2ce,qw-0694,North,1000000,G
w130YF369,Yamia,Robinson Shoulder,873 Banding Drive,Irvine,California,93136,949-493-2781,469-523-3053,5972ee18-9d34-45b0-acf5-4fee6c251b15,Kf-1246,North,1000000,G
H105pc087,Trilia,Marcelo Landeg,88930 Surrey Place,Canton,Ohio,90118,330-846-1204,813-227-2137,017027d7-b52e-49eb-9e72-ac1b4b43d2ef,bB-3234,East,1000000,C
n296Vj387,Yambee,Renae Steart,72653 Banding Crossing,North Little Rock,Arkansas,94991,501-892-7811,513-466-5136,ef82b3af-6063-4af9-942c-888148012c36,Pn-2815,West,1000000,G
B065xo181,Midel,Deane Flemmich,6469 Claremont Trail,Denver,Colorado,74147,720-900-5738,832-268-6731,7892e6b8-1efb-41be-b82c-746ae2a75ce9,tk-1893,Intl,250000,P
Y769OO284,Aivee,Nollie Moreland,10 Shelley Junction,Louisville,Kentucky,96224,502-603-0858,616-585-2556,cce51270-89ef-4cc8-b913-39af2879c8d5,lj-0236,Intl,250000,P
c521nt050,Gabspot,Thane Valder,27575 American Way,Atlanta,Georgia,85423,404-199-9581,503-220-2616,202816b8-0abf-4cc8-955c-4b48cc896034,BK-4437,North,25000,P
y083iW860,Skynoodle,Claus Oulner,9 Bay Park,Charleston,South Carolina,93912,843-808-9548,214-168-7138,5bd42c87-b934-4ba4-8659-b124fd9ab4bb,zO-5125,Intl,1000000,P
m398Pf497,Jetwire,Meier Kiltie,05 Basil Drive,San Jose,California,76671,408-747-3547,850-337-3742,715ceaf6-6dfc-4cab-a3d8-1c112be583bc,sQ-3849,Intl,1000000,P
V828Bh476,Zoombeat,Godiva Ramelot,3 Farwell Court,El Paso,Texas,96687,915-932-9033,405-458-9460,6e97b510-5843-487e-ba3e-4d9b1bc32353,GL-9355,South,1000000,P
G381HZ781,Fliptune,Aviva Gianinotti,17555 Pine View Street,Portsmouth,New Hampshire,94750,603-444-7902,904-655-8129,7d762221-a926-435b-9f89-f05f7918feb2,vU-0276,North,1000000,P
f600Cx664,Photolist,Gennifer Geraudy,1 Stoughton Drive,Washington,District of Columbia,91597,202-990-2762,972-320-0544,58674b35-c885-4dee-bfc5-a65ae84d886e,AW-5435,Intl,1000000,P
k138yn136,Edgeclub,Drona Storcke,48 Moland Avenue,Lexington,Kentucky,93575,859-155-5596,502-819-4303,fbb54638-86f9-429e-ab92-a9f6e62276db,jk-5345,North,1000000,G
h460BZ304,Kazu,Keefe Kermon,5948 Ryan Circle,Pittsburgh,Pennsylvania,78861,412-350-6123,757-217-1162,479aa66e-1489-4083-884a-fe53af6820c2,wG-8447,Intl,1000000,P
q970nP871,Youbridge,Blithe Fairfoul,41506 Dennis Junction,Indianapolis,Indiana,88215,317-370-1993,502-773-1713,44ca8a55-53e6-4ad9-a385-c9e52b3cfa76,MA-2766,Intl,1000000,P
o548JA612,Jabbersphere,Hyacintha Sheircliffe,4748 Karstens Center,Anchorage,Alaska,71197,907-315-1346,717-315-2585,77afc57b-4bc7-4ec9-88bf-0dfc266f3664,hN-6448,South,1000000,C
D388Zb307,Riffpedia,Clementia McMaster,769 Pepper Wood Point,Las Vegas,Nevada,96705,702-212-6580,214-616-9301,a272d5d4-5684-403c-b5e0-0b85ae5147e6,Su-1062,Intl,250000,P
c223mj455,Layo,Augusta Kinglake,55 Hoffman Hill,Boise,Idaho,86731,208-590-3997,303-837-3878,76126d02-8403-4b45-8b80-685bafca1ac2,hD-7026,Intl,250000,S
Y825gd763,Zoonder,Jemmy Skaif,18304 Ramsey Plaza,Dallas,Texas,88484,214-256-8989,405-762-8952,0d38e174-3edb-46bd-86a6-91bf2ffbffbb,Dt-5705,Intl,250000,P
K903kH559,Photofeed,Willabella Holligan,480 Bunker Hill Hill,Birmingham,Alabama,92394,205-757-1157,772-475-8790,1c1d7bcf-62c1-4a4f-897e-cbe4d53d07ab,Yc-0820,Intl,50000,P
r048LL651,Jabbercube,Beckie Stroder,731 Lillian Plaza,Akron,Ohio,88611,234-456-9503,713-737-2436,050d0832-1d0e-4ce1-bdd4-b05a466b616a,Dd-4418,North,50000,G
h745BQ440,Gigabox,Korry Starbeck,03 Messerschmidt Junction,Topeka,Kansas,87004,785-612-2462,805-449-8542,b3b0ef67-dc31-4554-a057-5d1aca987122,QX-8691,Intl,250000,P
N436iB374,Buzzbean,Archaimbaud Spittall,5477 Eastwood Point,Memphis,Tennessee,99353,901-814-8997,214-115-7365,fbfd82c4-9b6e-4b6c-809c-3ff5eb9b8a46,eb-0111,East,1000000,P
w799LT428,InnoZ,Grady Fishbourn,0255 Magdeline Center,Houston,Texas,93139,713-385-6283,815-184-5513,f37d24ca-63d2-4acd-a73b-a0a734e13ef2,QZ-3363,Intl,1000000,G
t341ap791,Wordtune,Kaspar Scatcher,94 Kennedy Place,Greensboro,North Carolina,47012,336-436-8237,205-754-2660,78de8c44-798c-4270-950e-e50e74121a85,Kh-9945,West,250000,C
E584Cn515,Skajo,Randal Bazelle,8631 Sherman Alley,Hattiesburg,Mississippi,90081,601-125-1091,860-714-7790,695d06be-4f5c-4702-9aa6-c1f0e26b808c,DV-5833,South,250000,P
K058Wj365,Gabspot,Ciro Belchem,386 Sullivan Junction,Springfield,Virginia,58705,571-176-9003,202-322-9680,8ee08e71-d1bf-49fb-93db-74f8b7da1af7,gt-9564,North,250000,P
c651aZ208,Topiczoom,Iolande Calleja,419 Waywood Court,Las Vegas,Nevada,68176,702-734-7556,360-947-7880,7609e7a8-9d42-4e6a-b990-f787f2a63916,Ho-6944,Intl,250000,G
a227jv753,Skinte,Shep Woodvine,655 Paget Avenue,New York City,New York,96867,212-404-5689,210-779-0552,df1946e3-a4a7-46ae-ba0e-cfb12ee8b4b7,KG-4575,North,1000000,G
b924kD527,Photobug,Cami Glastonbury,872 Shasta Road,Honolulu,Hawaii,99011,808-699-9637,323-343-3668,b2d5777d-5c1c-4128-a6d1-00b707feef23,fm-0737,Intl,1000000,P
R322Ld527,Aimbo,Salmon Carnachen,68 Ronald Regan Street,Tulsa,Oklahoma,71582,918-212-8114,510-222-1881,3ec68efa-110a-4cbd-8696-04fbbd800bc2,OP-0199,Intl,1000000,G
d696eg716,Twimm,Chariot Aitchison,0 Everett Center,Phoenix,Arizona,69595,602-991-1529,215-459-1407,25a04aa5-f15e-425a-aefa-18bc72386d64,Rc-8825,Intl,1000000,G
Q758MV312,Brainbox,Hasheem Nayer,10693 Bashford Alley,New York City,New York,96303,212-815-5353,605-321-2664,89f9e967-143b-425a-843a-91837b050444,Cs-2639,Intl,50000,P
Q662Pk111,JumpXS,Rivy Askin,41706 Jenna Avenue,Oklahoma City,Oklahoma,83292,405-144-5389,480-749-7484,470b7f5b-d709-4bf7-8bd3-4c6b9e2e1529,oR-7346,Intl,1000000,P
r842Nr585,Yoveo,Graig Mancer,5 Hooker Avenue,Amarillo,Texas,96134,806-567-2641,901-257-7450,f17da6b7-4ae5-4013-8b53-2699a26cda34,jo-5885,Intl,1000000,G
M934ZV374,Zooxo,Bartolomeo Pimm,14226 Anniversary Point,Austin,Texas,92099,512-654-2479,682-645-3750,3de7325f-215e-4de0-875b-c62ac4e48025,ra-4348,North,1000000,P
T693kt827,Lazzy,Amandie Boyde,04055 Novick Road,Santa Fe,New Mexico,94555,505-268-4594,480-945-8251,59a01814-19fc-4f77-9bb5-595b88f20253,ti-7461,South,250000,P
o128Qi674,Roodel,Gus Goldie,29814 Anderson Road,Yonkers,New York,93571,914-477-8479,916-713-6924,72d77bec-1269-45cc-b51c-915416fb9397,Ha-7429,Intl,250000,P
q131Qe327,Fiveclub,Nap Jickles,5 Quincy Point,North Hollywood,California,92269,213-750-9093,904-632-1205,09fdd24e-2fbf-45be-b244-380d173d4c84,ua-1033,Intl,50000,C
e810IE556,Zoozzy,Dal Kynge,41 Waywood Circle,San Diego,California,91472,619-337-1303,612-581-5231,e136c7ed-89ac-4db1-97b4-765c0bbca093,pW-7899,South,1000000,P
k664Nh201,Eire,Rollin Girardetti,6222 Kenwood Drive,Los Angeles,California,68285,626-391-8566,402-215-6767,d44a0b7c-95a5-47ac-a39a-1bca747b148e,fN-0180,South,1000000,P
n470vU964,Skipfire,Colver Latter,84335 Anniversary Lane,Fort Lauderdale,Florida,81530,754-990-9135,415-192-4930,d64b89c9-bbe6-4750-9c04-368f725d3a04,XV-8577,Intl,1000000,G
O846sL047,Eire,Pippa Camis,4 Crowley Court,Tulsa,Oklahoma,38748,918-957-8890,484-263-8284,07fdcd00-8801-4561-8556-b52cba122484,KP-1238,Intl,250000,P
S681ur298,Gabspot,Shawn Geck,8030 Linden Avenue,Waltham,Massachusetts,84123,781-765-5425,602-525-1311,93b8b7df-6d2c-480b-b419-7396296473b4,LJ-3589,North,1000000,P
i664tv685,Photofeed,Shannan Kilgrove,4 Northport Trail,Charlotte,North Carolina,98062,704-828-1164,785-855-0394,90fb72c0-7606-4bbe-8700-8197701f8514,WN-6789,North,100000,C
e380YR716,Kaymbo,Chastity Foulgham,67141 Bay Place,El Paso,Texas,34389,915-811-2893,325-762-1914,d113be61-0db6-42c7-b1d4-44debe863ff8,Rd-6439,Intl,250000,P
U396cO902,Tagtune,Rosalynd McTrustrie,17 Annamark Hill,Philadelphia,Pennsylvania,84961,215-263-2362,917-195-4118,62543985-f628-4b4c-9145-271e73393598,fo-9876,Intl,1000000,P
w883fv191,Kaymbo,Broddie Lethley,2763 Ryan Plaza,Green Bay,Wisconsin,96546,920-517-9208,214-339-3568,ee03d214-22b9-478f-a08f-07d553a16252,pz-0303,North,100000,P
F715Tl282,Zooxo,Gaylord Dunniom,771 Crest Line Park,San Bernardino,California,96348,909-595-0986,571-694-7317,793c49dd-9efd-4793-9162-ee94f195a030,Zc-1617,Intl,50000,P
H207xl099,BlogXS,Zeb Lilly,165 Acker Hill,Cincinnati,Ohio,90704,513-101-3552,254-516-0487,ffab569e-a5ee-4a91-985b-7a0cf4836c6e,qf-6877,Intl,250000,P
c760pt069,Voomm,Dav Romera,44565 Bobwhite Place,New York City,New York,95509,212-253-2973,609-111-9206,b334453c-66a1-4b78-9413-8fa8e969d72c,NO-4672,West,1000000,P
k620Rv788,Ozu,Cordey Excell,00632 Arkansas Crossing,Richmond,Virginia,86917,804-661-5525,303-421-3919,2b2c2062-934a-443b-afc9-222a4daa7ab3,Pu-2642,South,50000,P
o665LK952,Jaxworks,Alvin Duggan,6 Shopko Point,Sacramento,California,96416,916-532-9780,202-714-9275,a2d967c6-ff79-4a41-9c02-d66f90ca4989,rY-5807,Intl,1000000,S
Q685cE305,Rhynyx,Ware Winser,1678 Merrick Lane,Tulsa,Oklahoma,90924,918-660-4551,904-977-8395,09c43dad-7a71-4331-8c44-973dfe24695f,vp-7064,North,50000,P
A680cd009,Skyble,Korney Tenbrug,82367 Johnson Parkway,Denton,Texas,72985,214-992-1765,214-756-5884,5ecef062-bcd9-4bea-941a-3e8ccb4d8ff8,Wj-6309,South,1000000,G
H236iP239,Flashdog,Tootsie Tennewell,8466 Cambridge Trail,Colorado Springs,Colorado,94934,719-325-7792,571-669-7184,d010add0-5b59-449c-bb1c-01727498fbd0,oT-6676,North,1000000,G
S422Nc587,Bluejam,Letta Kirkpatrick,74 Heath Drive,Mobile,Alabama,98787,251-576-9706,832-532-0254,35d96bb4-d881-48fd-83af-a45d358baa5b,zh-7153,North,250000,P
u853Fe790,Quinu,Bax Taphouse,60540 Kipling Terrace,Hollywood,Florida,63994,305-703-9764,907-952-8520,0cc392c3-ef43-494c-bf96-fe34f155e57e,rQ-0155,Intl,100000,P
m135Ci757,Digitube,Kerstin Harrington,45615 Moose Plaza,Reno,Nevada,82996,775-314-8158,217-819-5273,d8c97393-0b74-4b62-9d76-b7f3d4d08bc3,hM-6035,East,1000000,G
U018oi675,Brainlounge,Martynne McKelloch,7510 Paget Crossing,Schenectady,New York,89952,518-397-8379,419-710-6830,6bc97d99-f47e-405a-862c-7a83cbba14ef,Bx-3570,Intl,25000,P
A837Ke733,Ooba,Welby Bruckenthal,40 Hintze Place,Stamford,Connecticut,99379,203-818-9004,847-912-2191,7ecef37f-6fce-4dcc-9119-8b6c1d35de99,FX-4159,Intl,100000,P
j778wk723,Jabberstorm,Willdon Todman,3761 Sunfield Plaza,New Haven,Connecticut,92649,203-858-8715,269-712-2317,d4184a7c-09f8-40ac-96e5-c3e29353b81c,fU-0652,Intl,1000000,C
V803IT521,Dynabox,Bealle Auden,0757 Straubel Street,Knoxville,Tennessee,92383,865-640-1677,361-642-5440,77e47266-f70f-4e59-af69-53b55e14a496,Ax-8606,South,1000000,B
E331tZ377,Gabtype,Karolina Bonwick,59117 Anzinger Pass,Richmond,California,93179,510-468-2725,818-897-8789,e1026ad8-3777-474c-a63f-e82f35aac6a9,PJ-1657,Intl,100000,G
E238cE961,Jabbertype,Archie Duchesne,8 Bay Road,Washington,District of Columbia,73247,202-393-2896,915-872-3698,349a7165-b49b-4878-bf51-a2d9fa88e811,UF-1142,South,250000,P
W068Nx144,Camimbo,Pen Leijs,87793 8th Drive,Duluth,Minnesota,74428,218-785-5902,262-333-0225,6a07455d-a501-4388-917f-abc06fe24b83,yR-1509,North,1000000,S
w373uw065,Topicshots,Gisele Jarvie,060 Farragut Trail,San Francisco,California,98310,415-287-1370,405-624-6218,a37ccb87-e032-40a3-acca-c02068fec184,Fh-4132,Intl,1000000,P
W821XC744,Oyonder,Cindie Oliphand,308 Brown Junction,Orange,California,95883,760-605-6717,937-889-0336,2cf63700-c4f7-487a-8bbe-490d2a3b5f61,DE-7886,Intl,100000,G
l712EM789,Yakijo,Lind Antoinet,6156 Coleman Point,Dallas,Texas,83559,214-265-5521,615-372-1174,bdc52117-25b4-416e-b9bd-1d85f944ca3f,EN-4792,Intl,1000000,G
i022ke473,Flashpoint,Samantha Cordero,42718 Kennedy Avenue,Washington,District of Columbia,99440,202-749-2335,480-945-1020,c02a4fe6-2803-4937-91ba-4a74f0ed8057,Yi-6521,North,50000,P
p721iB287,Eidel,Allissa Ribou,1987 Helena Drive,Greensboro,North Carolina,97515,336-652-9027,661-431-9183,d8933b22-e287-4d10-9c8d-2c1d09d56177,GL-1606,North,1000000,C
H297fK455,Mita,Marion Wilkisson,80268 Buhler Alley,Miami,Florida,93031,786-848-2395,203-913-7355,afead1b9-826d-48f2-bf6c-86c29e01e1b8,sv-4548,Intl,1000000,S
Q651Or963,Zoomlounge,Helen Mattea,40421 Nova Parkway,Kansas City,Missouri,73370,816-620-0101,619-779-4073,7323ecdc-e2be-4d9f-a985-f68e2ab3ca5a,gY-5637,North,1000000,G
M674Iz964,Wordpedia,Maye Feather,09 Petterle Point,Reston,Virginia,80734,703-536-6509,310-542-7468,bf60daa3-a34f-412f-b053-553fc087ce5e,eu-5176,North,100000,P
B552hY383,Fivechat,Paddie Motton,4 Merry Drive,Omaha,Nebraska,93762,712-589-6894,828-242-1812,84003b9a-5720-4c26-b156-a486c4b08e1d,Bz-8536,East,1000000,P
h216Et932,Kwilith,Dominique Ysson,206 Springs Junction,Richmond,Virginia,98863,804-514-7975,503-709-1337,64b4c083-dca8-4254-b781-a46c2c57478f,aN-4841,South,250000,G
Y211Nk133,Voonte,Nell Mawhinney,29928 6th Point,Gainesville,Florida,93460,352-794-1727,314-301-5929,ae31843b-f448-4a86-aea6-a950e9b7b03c,rH-7290,Intl,250000,P
A504CH685,Lazz,Chandra Candlish,2825 American Ash Place,El Paso,Texas,86246,915-989-1959,626-105-7212,d6e92fba-d12c-49c2-9605-2347c2696874,dB-6245,Intl,250000,B
w466gg149,Jayo,Tiffie Blackbourn,436 Comanche Road,Dallas,Texas,57666,214-848-1593,310-394-5387,b2dfbf0f-e6dc-4fe5-918c-ec8fd705f010,cE-5084,North,1000000,P
d538JJ031,Jetpulse,Brynna Ponten,6664 Macpherson Drive,Atlanta,Georgia,89330,678-924-8969,251-350-9737,6f99585d-2953-4af7-abc1-92fcf249668b,AO-0584,South,250000,G
D386ku544,Feedfish,Jenda Everiss,0108 Mandrake Terrace,San Francisco,California,94807,415-124-4181,651-562-2809,90cda6c1-974a-4425-b308-db8ef706ad49,Di-9865,West,250000,G
k783Py056,Kimia,Domenic Shutte,1 Bunting Court,El Paso,Texas,80203,915-604-8550,612-996-3211,81c89ac0-f465-463a-bc40-b480b7b17e54,NQ-7541,Intl,1000000,P
H043vq845,Avamm,Clemmy Helgass,33853 Gina Parkway,Erie,Pennsylvania,82261,814-103-0252,410-595-4906,be9ac622-1cac-4df8-bf2e-e0f53509bb82,mR-3331,North,1000000,P
z160Xw632,Cogilith,Berkley Bancroft,899 Bultman Plaza,Fort Wayne,Indiana,77907,260-826-3555,513-773-3390,aaf938d8-6367-40ec-87ea-8c53e6b7c73f,DJ-6427,Intl,100000,C
A477Sq707,Midel,Lilli Berendsen,34 Mesta Circle,New York City,New York,85877,212-206-9082,206-990-0764,f7ed25d9-6c58-4bd9-92dc-c75dcf50921d,Vj-3868,North,250000,P
O765JH338,Miboo,Dene York,5580 Rieder Park,Aurora,Colorado,76815,303-814-5035,816-422-9909,ad671f93-7063-442b-bdda-270eebc04570,vQ-7237,North,1000000,P
D964HV473,Skajo,Natal Huttley,19 Clemons Parkway,Pomona,California,99912,909-264-5575,228-741-8080,a2303495-8281-46f3-899d-be9d3cf84215,he-7216,North,1000000,G
H906oA143,Skibox,Horst Fantonetti,28 Crescent Oaks Junction,Stockton,California,93975,209-192-0441,520-466-2695,3447d1cb-1a5a-48bb-8f58-6ec9d15d8669,Oi-5517,Intl,100000,C
W860dp254,Katz,Valery Jopp,33 Bashford Parkway,Fort Worth,Texas,98267,682-230-5977,214-550-3295,920b0dbc-e399-4e3e-aa12-84c2d1fa12f8,pv-4767,Intl,100000,B
N587fp064,Yadel,Conan O'Loughane,6 Maryland Avenue,Duluth,Georgia,76367,404-859-6490,267-316-4514,43850196-3c27-421e-ab02-494b02589b18,vT-1589,Intl,1000000,P
f383Yl469,Zoombox,Brent Hamblen,61 Londonderry Hill,Springfield,Missouri,98729,417-233-7663,816-409-2720,e874f7ae-2062-462c-a79e-7e2c8cd16dab,GS-3021,Intl,1000000,P
Z422WA086,Edgeify,Hedy Dowda,97371 David Drive,Las Vegas,Nevada,91841,702-309-1681,215-522-2386,5b79ffa5-3d5c-4d79-b8c4-d5286ca99f08,Jb-4365,North,250000,P
N874FE198,Bubbletube,Diane Iddison,85 Forest Dale Pass,Shreveport,Louisiana,82106,318-709-3759,361-192-7522,f663088a-22d7-400c-a2aa-d979383002b0,Ef-2846,Intl,250000,S
T729GJ941,Skippad,Hildegarde McGarvie,42 Summit Crossing,West Palm Beach,Florida,90356,954-271-3744,251-930-3701,4415717d-a1db-44c2-8b22-f7967df6bc18,qI-6776,Intl,100000,P
g213cy741,Meejo,Brynn Himsworth,3570 Fisk Parkway,Des Moines,Iowa,73634,515-194-1162,919-516-4869,9453db26-e2fe-4fc2-acca-57246588b236,BO-9522,Intl,1000000,C
r915Zk776,Skibox,Normand Whipple,2 Lindbergh Way,Gaithersburg,Maryland,97962,240-371-1535,212-801-2264,448e01c1-9a98-46df-b38d-1338f49e3b27,fS-0213,Intl,1000000,P
C712zW488,Wordify,Ronna Kerrod,2091 Golf View Lane,Los Angeles,California,86028,323-314-2098,646-348-0225,babfd6e9-7529-4023-bbf1-e76e1f35fae9,LA-9365,Intl,25000,P
r949re056,Voonte,Tally Harse,771 Spaight Center,Gatesville,Texas,91543,254-762-5771,714-367-6304,61c8c547-df2a-40e3-a0df-5e6b218f4e5f,eA-7036,South,250000,P
e490FQ998,Kwimbee,Hamid Riccio,2 Gulseth Parkway,Albany,New York,93362,518-760-8685,513-567-9406,64d00c0f-75de-4d6f-98c6-c399efb845ee,zf-1055,North,250000,G
K556WB011,Mynte,Reamonn Sporner,40 Redwing Court,Carol Stream,Illinois,98515,309-974-5929,404-160-5820,5ba30161-971a-4a88-bdad-bbd5f2d07e61,RW-5273,South,1000000,P
D322nh797,Youtags,Alisha Haggarth,13 Sutteridge Hill,Honolulu,Hawaii,52621,808-941-0959,513-829-1115,f65fe06b-b6cc-475a-a112-f2eef876d560,dc-8678,Intl,1000000,G
C344rd091,DabZ,Leigh de Villier,27 Sauthoff Point,Washington,District of Columbia,82740,202-587-8298,810-698-1791,3c2bb46d-aac4-4b8e-a9f9-4f469bfecefe,Zz-2139,Intl,100000,P
I571RZ656,Snaptags,Penn Gerrie,34617 Blue Bill Park Point,Lexington,Kentucky,90550,859-328-4426,202-910-6260,13e47087-a459-4649-94b9-a6eff7897cb3,LK-6941,Intl,50000,C
j907bn038,Skimia,Hashim Whiffen,3 Hermina Road,Suffolk,Virginia,96954,757-555-2904,434-124-1579,54a0eb28-d482-4a9c-9f49-7a19be12e170,FW-4537,West,1000000,P
W423Zp500,Eadel,Spencer Tapper,937 Northview Center,New Orleans,Louisiana,96587,985-946-0916,318-531-3710,5d01ceb9-0cb8-47b1-9f4b-aa2fca81e252,xR-8395,Intl,1000000,G
V024az245,Oyoba,Aveline Broker,99 Lakewood Plaza,Springfield,Massachusetts,83272,413-366-4548,330-884-6496,201aac2f-3bd7-4f8a-a35a-4f083eb6a88b,Ts-9254,West,50000,G
i207tM716,Yadel,Modesta Ludron,21 Thackeray Junction,Columbus,Georgia,92902,706-229-6571,407-200-0967,25dd2941-1889-4ab7-aeb0-1ff7ffb9a0bc,Rc-3619,Intl,1000000,P
o357Bn929,Yabox,Jamima Seadon,79 5th Circle,Bronx,New York,99044,718-914-0850,559-266-5208,4ba9a1da-29db-446b-9104-b507ea06a86c,wd-9591,North,250000,P
I640YI441,Vitz,Jo Sieghard,0523 Atwood Hill,Minneapolis,Minnesota,79355,612-674-6636,319-401-6103,7ec47c65-0761-4a17-b64b-1fa98e5b9d56,xX-2431,West,100000,G
Q204Mx879,Devpulse,Shamus Pikett,0 Superior Park,Fort Wayne,Indiana,99702,260-745-3249,520-295-4977,ee59cb3c-112d-4761-af53-c3480e71d17b,bg-9173,Intl,250000,P
m913vj408,Centimia,Franny Ponde,195 Rieder Lane,Fresno,California,76595,559-949-7888,775-821-1086,e9a88104-047b-496b-8910-9d54881ab916,fO-6699,Intl,250000,C
k265wp583,Skippad,Kameko Hussell,73880 Burning Wood Lane,Naples,Florida,95684,305-569-6091,210-383-1391,96195347-4d09-4646-9c75-f7cc2d344289,bT-1514,North,1000000,G
v126Hv541,Wordtune,Jermaine Fairchild,81865 Pleasure Lane,Austin,Texas,74007,512-870-9837,614-610-0738,25b0e919-2a9f-4369-a4db-130c89ee4ac4,rI-4450,West,1000000,C
e804nF142,Topiclounge,Dick Livingston,7 Homewood Parkway,Appleton,Wisconsin,74366,920-546-4165,402-403-9157,4a8ef590-beaf-4e4a-8bda-a05aafcbfe92,Co-1761,Intl,50000,G
q513Cw632,Twitterbridge,Alisha Bowdrey,6228 Pennsylvania Park,Charleston,West Virginia,93130,304-748-7413,513-171-6532,95431798-4a11-4106-a85f-258f3eb53956,Lx-7861,Intl,1000000,C
a423nO962,Zoozzy,Trixi Gentil,5991 Haas Place,Washington,District of Columbia,95168,202-858-3187,314-791-0291,431cc514-ebf1-4bb2-8def-31abd3467737,Zz-0806,Intl,1000000,G
A612Uz755,Voonte,Cherianne Dabbs,9 Prairie Rose Crossing,Chicago,Illinois,88041,312-800-5765,915-200-1193,ec45571e-9b6c-4d03-b005-75c45b850fdd,tv-4800,Intl,1000000,B
y016zc046,Voonte,Tyne Born,9589 Mayer Park,Pittsburgh,Pennsylvania,16162,-8986,314-574-6458,5af14b81-9f41-43b6-8914-ba731e767e4f,AT-8278,South,100000,P
Q259KL489,Lazz,Tabby Aitchison,5 Sherman Pass,Bryan,Texas,65802,979-772-0154,202-224-1736,a7df2d9d-8c79-4d45-9cb4-e1716dbb27d1,KG-7505,Intl,1000000,G
u140fs820,InnoZ,Jerri Cullivan,57 Fair Oaks Trail,Charleston,South Carolina,95993,843-588-7241,937-829-9791,2badc2dc-9919-4b75-a861-7f99ee8a7e68,ll-6720,Intl,100000,P
w214rf190,Youtags,Zaneta Franke,7 Hoard Circle,Ogden,Utah,90687,801-653-6621,941-229-5318,d5aa14db-aa82-4adc-bf74-b1ae7f8dbf32,HF-9816,West,100000,G
s335Ga257,Rhynoodle,Hector Misk,9540 Nevada Hill,El Paso,Texas,71053,915-511-4373,785-532-7873,680f721e-fb5f-41d7-bc48-4159eed0eac8,Kx-3968,Intl,1000000,C
B280Gk308,Edgeify,Thedrick Fussey,75 Meadow Valley Drive,Rochester,Minnesota,73346,507-902-4043,817-945-8498,0a2ea256-ad2f-4f9e-b6d0-2287d7e9c6c1,NF-7859,Intl,1000000,G
f965tR919,Yambee,Antone Allso,1420 Petterle Parkway,New Orleans,Louisiana,98607,504-593-6110,516-958-5458,e85a45f5-c342-4137-b613-d4a27644d61d,le-4564,Intl,1000000,C
w661YY935,Izio,Aguistin Bowker,15717 Amoth Street,Daytona Beach,Florida,84015,386-344-1082,916-200-4897,108edde2-7bf1-415e-bfe5-106fb264273c,dq-5464,Intl,1000000,P
W571Us115,Livepath,Faulkner Caroline,7561 Kennedy Place,Appleton,Wisconsin,90121,920-430-8843,304-806-3513,1655125e-7763-4dc2-bd0b-92f8a94ea7bb,Ev-9958,Intl,1000000,G
n839Jr380,Divavu,Shellysheldon Petric,5552 Kipling Park,Sioux Falls,South Dakota,91586,605-607-3402,202-605-1112,98e7812d-360d-4f16-b53c-71ef9aeeff35,kD-1927,Intl,250000,G
A324hr601,Meevee,Lynnea Wrightim,930 Dennis Trail,Clearwater,Florida,92511,727-673-7882,217-293-6536,0d53c135-ef97-4598-8384-34d943524463,gO-1972,Intl,1000000,P
o313Tc712,Avavee,Brandice Dellit,88903 Basil Avenue,San Diego,California,75952,619-344-3544,850-824-5872,af77e8d7-efe0-44b5-93f6-1981803ab45a,MG-2614,Intl,1000000,B
D444gi599,Lajo,Eulalie Bruyntjes,8 Stephen Drive,Detroit,Michigan,92237,313-888-1962,402-888-0036,aa4d0160-e3c4-4b06-83c4-b7c6ff95bad2,El-9041,North,100000,P
V765eC844,Voolia,Fabio Sharer,97 Parkside Circle,Los Angeles,California,89594,323-106-3238,865-745-9572,0a5adb68-c25b-4b88-9cf6-f4df6e89256f,HT-3869,West,250000,P
c278KP512,Kanoodle,Christine Bouldstridge,8839 Lukken Plaza,Grand Rapids,Michigan,96373,616-240-6794,609-961-8507,236bbf1a-94eb-427e-b563-dac9d9919a99,TF-4258,Intl,250000,S
V080yv041,Flipstorm,Andreana Cupper,25062 Messerschmidt Parkway,Philadelphia,Pennsylvania,91505,215-135-5005,917-452-5973,8de24219-bb52-4924-8d6c-13128861b2ce,Qt-6041,Intl,1000000,G
D714fl478,Babblestorm,Randa Penk,5 Raven Crossing,Houston,Texas,95679,713-275-0841,850-880-4466,f343a98f-5cc3-48ce-9084-335f947ebbdc,rV-0483,Intl,1000000,S
H574YT762,Yata,Lindsay Parcall,197 Springview Point,Atlanta,Georgia,95298,404-877-5115,719-243-2935,c9baec98-8e98-4779-9314-c2544a1e6ec6,an-7486,Intl,1000000,C
r555Qx843,Babbleblab,Naoma Fenne,01 Red Cloud Parkway,Washington,District of Columbia,84069,202-170-4626,816-539-3053,0cb257f6-e790-4bb4-bc73-a13cc4726d1e,pE-0303,Intl,1000000,G
H376WJ460,Linkbuzz,Marylynne Presho,953 Laurel Street,Buffalo,New York,88938,716-713-6394,843-482-4014,72e5f8b7-bd5f-4500-a150-9bc59d6742db,uy-4743,East,250000,P
V278Wc027,Tazz,Kevyn Ashbrook,6 Bartelt Terrace,Reading,Pennsylvania,95307,610-958-0764,850-829-0735,d1a78a47-941a-4ca9-b88d-bf8645676f52,MT-8493,Intl,100000,P
l990RR643,Skynoodle,Carlyle Thripp,887 Vernon Avenue,Appleton,Wisconsin,93101,920-582-9685,571-429-4034,b80aac3a-0be1-4d57-b668-5fc85792f70c,av-0679,Intl,1000000,P
N662WL991,Katz,Faulkner Gilhouley,27261 New Castle Parkway,Colorado Springs,Colorado,74232,719-115-0624,916-499-9401,203bf53c-4470-4460-b4ea-0fe3bad63856,Aj-7357,West,1000000,P
B021Hl116,Fivespan,Vasili Trass,22 Haas Avenue,Washington,District of Columbia,68543,202-961-5150,404-454-9693,67bf3d03-4a30-472c-a287-6425ad4fe667,AU-3831,North,1000000,S
Z122Fl312,Yamia,Aura MacAllan,0102 Carberry Center,Atlanta,Georgia,58506,770-802-3905,928-335-5629,3bc91c6f-ca5d-4ccd-b530-e7d10f9779e6,Oc-5831,South,25000,G
V529Qa852,Bubblebox,Emile Purvess,5615 Cottonwood Junction,Evansville,Indiana,99655,812-243-6325,806-434-8852,3d9ff8ce-0971-44f4-81a7-5dec77a10384,hP-6619,North,250000,P
Y030Qg133,Dynabox,Elvina Grizard,108 Sycamore Lane,Charleston,West Virginia,40359,304-932-4939,901-807-9748,3d655fc8-1ccc-4db7-9ed5-685813ef3e59,MN-5951,South,100000,G
U116YW569,Snaptags,Rose Veare,316 Express Alley,Springfield,Massachusetts,94067,413-999-8895,202-496-1673,a9018d98-e7bf-457d-bd5f-20661cf80b5b,lk-9696,Intl,1000000,G
E358gg982,Mymm,Drusilla McHaffy,6 Delaware Park,Sacramento,California,94296,916-372-6147,601-818-4462,93aef7d6-f05b-4d11-8104-d1bee9cbb5c4,Jh-0840,North,1000000,G
r257EE809,Eimbee,Mercie Very,91474 Corry Alley,Richmond,Virginia,68209,757-896-0442,317-136-0858,adfd53ad-9948-421f-ab4f-cd7d5e61d96e,CI-5415,North,1000000,B
P358Kh033,Meemm,Kelley Osant,7939 Lerdahl Hill,Bethesda,Maryland,72172,301-306-3990,916-104-0749,16794200-60b9-4830-9223-4d4198ce6de0,zZ-5578,North,100000,P
Q202dN311,Npath,Remington Scedall,979 Grover Lane,Pasadena,California,93327,323-478-0199,203-209-9768,79e18a32-6feb-4a54-a2f2-c53e5023118c,YR-8661,South,250000,P
E542wW305,Oyonder,Easter Crampsey,49 Macpherson Lane,Atlanta,Georgia,88307,678-755-4160,918-936-7933,1589bba7-3623-4b2f-8f87-647928461553,mi-4314,Intl,50000,G
V013QZ948,Meetz,Sandy Hinze,39 School Lane,Providence,Rhode Island,92409,401-396-7769,417-876-0478,6257cb6e-6b59-445f-a065-13a6ba91630d,iT-7629,South,1000000,P
W121VW743,Devpulse,Isa Runnicles,48091 Meadow Vale Plaza,El Paso,Texas,94526,915-857-1848,253-890-3305,88f2d050-21d2-4333-894c-e75f6e9b639e,YU-8983,West,1000000,C
H471Py891,Tagcat,Mellisa Raddish,340 Birchwood Place,New Orleans,Louisiana,73059,504-604-0732,757-782-2715,bd9e5512-690c-4d98-938e-cabb90bc1b6f,Ge-7656,North,100000,B
j902TD392,Topicware,Joella Cheales,3301 Esker Park,Charlotte,North Carolina,99280,704-486-9089,202-814-7418,8106ceda-184e-4b8e-bd22-96499f25dcb0,mu-1087,North,1000000,P
X074KT817,Voonix,Jesselyn Croizier,5 Melrose Court,Charlotte,North Carolina,47704,704-318-0379,760-770-6057,333d7c24-05a3-413a-933e-bdf4015f4fdb,gd-8235,North,100000,P
N715sH058,Zoombox,Ezekiel Batson,53453 Dahle Way,Boynton Beach,Florida,81692,561-107-3439,856-554-8100,5a0026f7-39e0-43d8-9e09-8e4c8d8b47ab,Ed-8607,Intl,250000,B
u548aV856,Vidoo,Wynn Jasper,9908 Thierer Street,Saint Louis,Missouri,52576,314-569-3087,810-406-9265,cbaf6b91-95d6-4495-af17-d9f546a322a7,Nk-3252,North,100000,G
i344kX953,Skivee,Agnes Botha,0 Acker Trail,San Antonio,Texas,99831,210-856-8472,509-737-6372,d3b3b2e9-e39b-47ab-a313-48f2d51572c3,YN-3373,East,250000,P
h352xu900,Dabshots,Jackqueline Blomefield,624 Old Gate Parkway,San Diego,California,68884,619-361-3326,765-611-7014,6769ac91-cff2-444e-a851-9d6d673e9a75,th-7535,Intl,1000000,G
n352xQ992,Yakidoo,Wenona Antoshin,99 Roth Drive,Kansas City,Missouri,97773,816-771-2256,810-701-9582,2519c344-ce66-44b8-8325-587203d317fa,iM-6064,North,1000000,P
g451TH544,Trudeo,Dore Spino,33 Bayside Trail,Bradenton,Florida,97117,941-385-0184,619-102-2167,18bc7998-617f-4a33-ad64-0c2f93f03ee2,hf-2184,Intl,250000,G
T945Jr804,Jaxspan,Fayth Sipson,31742 Kennedy Circle,Toledo,Ohio,81876,419-700-0201,936-722-7831,9c22eb93-86bf-4195-8c73-3053f8b3a7ec,fc-4821,Intl,100000,C
m234TE628,Fivebridge,Jewel Bentinck,2165 Basil Crossing,New York City,New York,82328,212-518-0388,561-849-5005,381974ef-dd22-4d93-96f2-8de2856eca2d,ve-0645,Intl,250000,G
I586QH268,Skajo,Opaline Kilmister,86545 Nevada Circle,Brooklyn,New York,40908,718-547-3784,256-700-2846,54bd611a-da7a-402f-9f46-a4f7f3df8635,ag-7731,North,100000,G
Q264LN881,Pixoboo,Madelle Whatham,15309 Bartelt Trail,Omaha,Nebraska,95609,402-800-6509,267-556-1381,b3c3d6e0-02b9-44b2-bf32-faed8e5656d6,vh-6409,Intl,1000000,B
g389Rr204,Yakijo,Flint Glasson,213 Center Way,Toledo,Ohio,91703,419-415-4480,408-744-2241,8727fc2e-71d6-477a-b3b6-b34bb85d1400,rc-1821,Intl,100000,S
U216Hz892,Mynte,Cynthy Elgood,76 Independence Point,Miami,Florida,94489,305-427-0147,415-171-0603,3c225c41-df82-496a-99f7-09ef4404b2f6,nP-4715,North,1000000,G
H634WW048,Mudo,Willie Undy,960 International Terrace,Fairfax,Virginia,88655,571-165-9746,915-440-0065,57761e56-f2bf-42a1-8cda-b9d79b69e17f,RQ-3584,South,250000,G
D344tK181,Mydeo,Nadia Zuan,8 Steensland Point,Omaha,Nebraska,43962,402-567-3751,850-709-3723,17c9f11e-88d0-4565-b0a4-2847d97bed65,rL-5824,Intl,1000000,C
P336TA679,Photolist,Les MacBain,3360 Dunning Junction,Paterson,New Jersey,82584,973-429-0778,704-279-9658,202b2c9f-931a-4030-b204-6dc9b272abb2,Ec-3905,Intl,250000,C
h387Qy040,Eabox,Patrizio Ikins,73 Oriole Trail,North Little Rock,Arkansas,98926,501-313-1957,714-565-0079,f8275ea3-d781-4e6b-ad62-a5f3a0f206bd,LN-0790,Intl,250000,P
a532mA706,Twitterworks,Warner Evangelinos,33 Fallview Plaza,Metairie,Louisiana,77393,504-366-5040,253-586-7885,e9566702-6674-4ac5-bff0-dcf781fddd2b,As-3186,Intl,1000000,C
w380uc832,Vimbo,Sara Hutchcraft,02 Linden Point,Lubbock,Texas,57283,806-184-4695,770-161-3954,d7e5fd5e-fb85-4904-b7cc-92020479e39d,UQ-5350,Intl,100000,P
x064bb212,Bubblebox,Mandy Kierans,6 Bowman Plaza,San Diego,California,91556,619-520-6696,504-644-1289,3fda7bc6-1022-4299-88f6-09dfd0434e33,UN-2760,Intl,1000000,P
p002Ke924,Linkbuzz,Timothy Robelet,44830 Dovetail Avenue,Detroit,Michigan,51084,313-970-2238,941-867-2564,3c95fe68-49e4-4e10-9055-4a9451b03483,Ut-7234,North,1000000,C
K157UK014,Jabbertype,Norbert Satcher,379 Cardinal Way,Wichita Falls,Texas,92763,940-293-5580,347-888-3146,efba247f-bd89-405b-b5da-1e990ac52f55,yk-3238,Intl,100000,G
R915se457,Wikivu,Saxon Madders,597 Scofield Park,Evansville,Indiana,80669,812-897-6639,515-917-7111,2bef5ad7-b62a-4fe9-9451-395d93e5750b,Kn-4417,Intl,1000000,B
I579TJ764,Rhycero,Druci Soares,7 Namekagon Place,Macon,Georgia,81825,912-669-0513,508-287-9168,c7007367-ad99-448e-9cab-5bef58dbbcaa,Of-4247,Intl,250000,P
b094iN436,Skimia,Nicoline Quarrell,02304 Dahle Road,Knoxville,Tennessee,80587,865-247-3978,702-582-6718,e9ad7f08-92d3-4071-975c-16f233c2b1e0,IM-7083,Intl,25000,P
L004re604,Myworks,Mildred Sergean,22 Pond Park,Rockville,Maryland,92417,240-356-8267,781-523-0991,12be4cbb-b55e-4d4e-a9da-7d46b20bea58,pG-4873,West,250000,S
S271Yz317,Izio,Starlin Lankford,21188 Oriole Court,Springfield,Illinois,62273,217-275-3882,865-131-5883,e3fb51b6-65db-4558-ad45-9d9a69121c3d,Oj-3310,North,1000000,P
w473EL171,Ailane,Cyndie Tarbin,25665 Sullivan Trail,Springfield,Illinois,77025,217-106-0740,719-675-6438,50223d6e-1cbe-4b41-a0ed-3fa428637d18,PF-0834,Intl,250000,P
T198xv165,Photobug,Dolf Sporle,6224 Rowland Crossing,Jamaica,New York,84961,516-703-6850,404-610-2999,a909ab5e-da29-4ed2-b19a-8714750a3b73,pR-1067,North,1000000,P
